0,13.9,17.6,15.5,15,14.8,17.2,13.7,47.4,36.7,44,28.9,30.6,29.9,29.6,13.9,2.3,9.8,15.6,25.8,31.2,36.8,79.1,27.7,21.1,29.9,29.5,51.8,3.5,14.8,14.4,9.4,16.4,12,20.4,19.7,18,11.6,47.2,36.8,31.5,52.4,56.1,46,34.5,42.3,46.2,45.5,34.7,41.4,81.9,95.8,97.4,44.5,28.1,24.5,42.4,34.7,40.4,34.5,2.4,7.3,20.8,30.9,34.9,15.9,11,80.1,16.7,79,20.9,76.7,81.4,68.8,32.8,28.5,33,36.8,3.5,47.4,46.3,12.5,6.5,48.6,55.6,5.8,15.5,64.8,30.7,10,15.6,30.6,42,10.5,38.8,17.8,36.8,21.1,2.3,65,15.3,17,16.5,9.5,41,4.9,13.5,16,39,15.1,18.5,0.7,2.5,31.2,39.5,30.9,8,18.9,40.5,21.1,16,20.8,15.3,29.5,38.1,31.9,29.6
13.7,0,3.1,15.9,12.1,11.9,1,1.2,41.9,20.2,33,14.4,16.7,15.4,15,9.4,11.6,9.6,23.3,11.3,16.7,22.3,63.9,14.6,8.6,15.4,15.8,36.7,5.9,11.9,7,10.8,24.7,12.1,9,26.5,11.1,14.3,30.3,22.2,18.5,32.1,41,30.8,20,19.3,31.4,31.7,20.9,25.1,78.7,92.6,93.1,27.8,17,10.1,29.3,20.2,27.3,18,11.5,11.4,4.6,22.1,32.8,9.8,10,52.1,4.6,63.7,7.8,61.8,66.2,53.7,19.7,12.8,16.3,30,11.6,32.9,31.1,3,10.9,33.9,40.6,9.8,16.2,49.8,21.9,3.1,1.8,16.2,22.1,8.8,23.2,13.5,25.1,9,11.5,50,9.1,9.5,9.5,11.5,47.5,6.6,6.6,15.8,27,11.8,9.5,13.6,11.7,18.2,25.2,21.9,9.5,13.5,21.4,22.7,8.9,19.9,2.4,14.5,24.5,16.8,15.2
15.7,3.7,0,16.9,11.8,12.9,4.4,3.3,28.5,16.3,22.1,10.7,12.4,11.7,12.4,7.9,6,9,25.3,7.6,13,28.9,60.2,13.7,10.9,11.7,11.6,21.1,6.6,12.9,5.6,15,29.1,11.5,10.1,36.1,10.8,18.2,26.5,15.8,16.6,24.9,33.8,27.1,16.2,17.7,27.7,30.6,16.2,21.1,82.7,96.6,98.2,22.1,17.9,6.6,29.2,15.7,27.3,21.4,13.5,16.5,1.7,22.9,37,9.5,11.7,52.2,4,62.1,6.7,58,62.6,48.2,19.6,9.4,18.1,25.2,13.8,29.3,27.6,7.2,16.5,28.6,36.9,13.8,17.1,46,23.1,3.5,3.2,11.4,22.4,12.8,20.1,14.2,18.5,6.4,17,46.3,7.9,8.2,8.2,17,34.6,15.6,7.5,16.7,25.8,13.4,8,15.7,17.2,15.3,24.5,23,13.9,11.6,20.7,24.1,10.2,24.1,5.7,10.7,18.9,11.9,11.3
16.4,16.2,18.8,0,5.5,4.9,17,25.7,44.8,32.6,43.8,25.9,27.6,26.9,26.5,25.2,18.8,24.8,14.3,24.2,23.5,50.9,76.8,21.3,11.2,26.9,26.4,55.5,19.1,4.4,23.2,7.1,14.6,5.3,10.6,16.3,28.4,4.2,40.9,37.1,29.5,42.9,51.4,40.8,31.4,36.3,44.7,32.9,41.4,43.2,70.3,84.2,85.8,39.7,16.2,23.8,27.1,32.8,24,22.5,14,9.5,21.2,11.9,24.4,12.1,5.8,50,14.5,76.7,15.9,74.4,79.1,70.6,8.6,25.2,28,41.3,13.2,43.3,29.9,15.6,15.6,44.8,53.3,10.7,0.4,68.4,11.7,15.8,16.9,33.8,18.1,8.2,37,5.8,37.5,19.4,13.7,62.8,25.3,25.6,25.7,11.5,51,11.9,9.4,0.03,39.7,4.5,25.6,16.4,13.8,30.7,23.1,11.9,9.1,31.1,17.4,5.7,10.6,5.7,15.6,33.8,35.4,36.7,33.8
11.3,10.5,11.8,5.7,0,1.7,10,18.4,36.6,31.1,31.5,26.5,27.6,26.9,26.5,18.4,11.8,16.2,15.7,20.7,20,44.3,68.6,19.2,7.7,26.9,27,48.6,14.7,4.7,15.9,4.7,16.7,0.18,7,19.9,21.1,4.8,37.4,27,28.3,34.7,39.5,32.7,27.9,32.9,41.1,46.6,33.1,33.3,95.8,93.6,95.2,31.5,14.9,18.4,28.2,24.6,26.1,22.2,9.2,8.1,14.4,15.2,32.8,3.4,0.03,51.9,9.4,68.6,12.8,66.3,71,63.3,17.5,25.2,29.8,33.9,9.3,37.7,31.8,10.2,10.8,36.6,45.2,6,5.9,61.1,15,10.3,11.4,26.5,19.2,2.7,28.8,2.6,27.2,15.8,9.4,54.6,18.1,18.3,18.4,10,42.9,9.4,4.2,5.7,38.7,1.6,18.3,11.3,9.6,23.8,24.2,15,5.8,23.9,18.4,11.6,7,13.8,9.8,25.9,27.8,27.9,26.5
13.4,12.3,13.1,5,9.4,0,12.1,21.1,41.9,27.6,41.5,22,23.7,23,22.7,20.5,14.4,18.3,15,20,19.7,47.2,71.5,19.8,6.7,23,22.8,44.3,16.8,1.4,18,5.3,15.9,2.2,6.1,19.2,23.2,4.8,40.3,26.3,25.6,34.4,49.5,32.4,27.6,35.3,36.8,42,30.2,33.9,89.2,87,88.6,36.9,13.7,19.9,26.2,27.8,24.4,20.9,11.3,9.4,17.4,13.7,27.2,3.1,2.1,50.7,10.7,71.4,12.5,53.2,73.8,61.3,16.3,20.8,24.1,32.9,11.6,40.5,29.7,12,12.9,42,48,7.2,5.4,57.2,13.5,12.4,13.2,22.7,17.9,4.7,34.2,0.35,33.1,15.5,11.5,57.5,20.1,20.4,20.5,14.4,45.8,11.5,5.2,4.9,40.1,1.7,20.4,13.4,11.8,24.6,22.9,13.7,7.7,27.7,17.2,10.8,6.1,10.8,9.7,22,33.1,25.4,22.7
14.2,4.9,44.4,15.9,10.1,11.9,0,0.05,33.8,29.3,25.4,16,17.3,16.5,16.2,8.1,3.2,8.6,24.6,15.4,18.1,32.2,65.5,15.3,10.6,17,16.7,38.3,4.5,11.8,6.6,10.6,24.9,10.3,9.8,26.9,7.4,12.8,28.1,39.3,18.6,28.3,42.6,29.9,21.6,22.5,27.4,36,20.2,27.9,96.1,92.5,94,30.7,17.7,11.2,30.5,21.3,28.6,22.6,11.2,13.2,6.3,23,32.7,9.3,8.9,52.8,4.3,49.7,9,63.1,67.3,52.9,20.3,13.9,17.4,29.9,11.5,34,32.8,4.5,11,33.8,42,9.7,16.3,51.2,22.8,4.9,11.1,16.2,23,8.6,27,13.3,24.2,9.9,11.4,51.5,8,9,0.011,12,41,9.5,7.3,15.8,27.4,12.1,9,14.2,11.6,19.1,26,22.8,9.5,12.4,22.3,20,10.4,21.3,2.5,16,23.7,17,16.7
15.6,1.2,49.4,22.8,17,19.2,9.3,0,32.9,21,30.5,15.4,15.7,13.1,12.8,0.22,8.6,6.5,25,9.1,17.7,33.6,63.5,19.5,19.1,13.1,16,37.7,5.4,18.7,2.2,17.8,20.3,17.2,18.3,8.3,0.85,19.3,31.5,16.4,15.8,29.7,40.6,31.8,20.9,17.8,23.7,35.3,16.1,26.4,101,98.4,95.5,30.5,24.1,9.1,35.7,21.2,33.5,27.7,13.2,15.4,5.3,32,38.7,16.9,15.1,58.5,12.3,64.8,14.5,62.9,65.8,52.8,27.7,13.4,16.2,42.5,14.7,33.9,32.1,8.7,11.5,33.2,41.4,13.8,22.6,50.6,31.8,8.6,8,13.2,28.6,38.2,24.7,8.5,68.1,11.2,13.3,50.8,2.9,2.2,0.13,14,39.1,11.2,14.7,22.7,30.5,19,1.8,16,13.5,18.3,32.1,32.4,15.8,3.9,28.9,26.3,18.3,26.3,10.6,15.8,28.1,13.7,12.8
46.4,34.2,28.9,43.6,36.4,35.2,39.9,41.8,0,17,14.5,23.8,28.3,25.1,28.2,32.4,34,37,57.5,26,16.9,4,31.7,17.3,31.8,25.1,25.6,43.7,33.2,35.7,33.7,39.4,57.6,36,31.8,26.8,41,39.1,12.8,20.3,19.4,7.4,3.3,5.8,28.4,35.9,40.7,42.1,36.3,28.3,130,127,129,15.1,19.4,34.7,10.6,17.3,13.5,11.7,44.1,127,30.1,30.8,64.4,33.1,35.3,28.3,31.1,31.6,27.9,29.3,29.5,58.8,18.4,23.8,18.1,17.4,41.1,14.1,3.7,35.8,43.8,0.12,20.6,41.9,44,57.4,30.5,40.1,31.7,28.2,17.2,38.2,11.3,36.1,14.9,24.6,44.3,32.6,35.2,41.1,42.5,42.5,4.8,39.1,33.4,43.6,14.8,36,41.1,46.4,44.5,15.4,11.9,30.5,42.1,42.1,17.2,49.3,31.1,49.3,33.6,23.8,14.9,30.6,24.4
35.7,31,24.9,24.5,31.5,24,28.1,24.4,12.2,0,10.2,10.3,11.4,10.2,9.5,25.6,13.2,20.8,52.5,13.6,13.8,7.2,38.8,6.1,27.8,18.2,13.4,7.2,38.8,6.1,29,38.1,53,20.3,27.1,45.6,27.5,30.6,14.5,16.4,6.3,1.4,8.5,13.4,26.5,18.6,35.2,34,26,20.6,96.4,111,112,10.7,35.2,23.6,19.3,9.7,22.8,14.1,31.1,19.3,9.7,26.1,52.3,19.1,23.2,36,17.2,47.5,11.4,44.9,48.3,48.1,14.1,10.1,4.8,13.1,24,18.1,13.8,21.4,30.5,15.7,25.2,26.5,12.7,45,25.9,24,22.1,11.2,18.2,30.7,22.2,23.2,7.7,10.7,30.6,34.7,25.1,20.3,27.5,26.1,31.9,22.9,19.3,15.2,10.5,22.3,20.6,36.4,30.8,2.8,20.8,25.7,26.2,32.6,14.3,38.1,20.2,37,21.1,11.4,5.6,16.6,11.2
40.7,27.4,23.1,33.4,32.2,36.1,25.4,29.5,14.6,9.7,0,12.2,14.1,14.1,14.1,20.2,28.1,31.1,51.2,14.2,11.7,9.2,40.6,16.6,26,14.5,15.6,33.1,27.3,27.5,27.8,33.6,51.3,30.7,25.3,54.2,29.6,29.9,2.1,8,11.4,6,11.5,7.5,17.8,26.3,29.1,30.8,23.4,16,103,119,120,0.5,23.9,19.5,18.4,11.1,21.3,15.3,38.3,37.1,23.8,34.3,59.1,27.3,32.2,41.6,25.3,38.6,22.2,38.2,42.7,47.5,30.7,16.5,6.9,12.2,32.6,7.3,11.7,28,36.9,11.5,17,37.8,33.3,46.1,34.1,31.2,25.8,14.1,21.5,46.9,9.8,30.9,4.9,18.3,26.4,30.7,31.5,21.1,26.9,32.4,7.8,37.2,27.6,33.4,0.3,29.8,22.3,41.4,26.6,9.1,19.7,34.1,36.4,30.1,21.3,39.2,25.3,36.7,29.1,13.5,4.9,18.3,14
28.4,17.3,11.7,32.3,24.7,22,15.2,13.2,22.4,12.8,12.4,0,1.7,0.75,0.65,14.3,16,18.8,34.8,8.4,10,25,49.3,15.5,18.6,0.75,2.1,22.8,15.2,26.3,13.8,25.5,36,24.9,17.9,39.6,12.4,22.5,13.6,5.5,5.2,15.6,26.4,21,6.1,9.6,16.4,20.5,10.5,11.5,108,106,108,12.4,22.8,6.1,35.8,10.4,35.4,17.7,26.1,25.4,12.1,33.2,46.3,19.9,25.8,50.4,13.8,51.1,16.3,47,51.6,37.2,23.1,2.9,6.7,27,24.5,18.4,21.3,17.8,25.8,22.4,25.9,23.9,32.2,35.8,33,22.1,13.7,0.65,24.8,23.4,16.3,22.8,9.5,6.5,11.9,35.3,15.4,11.9,16.2,23.6,23.6,21.1,18.4,32.3,17.9,26.6,12.5,28.4,12.1,6.9,29.5,33,24.1,12.8,24.1,33.6,33.6,21.1,11,0.05,9.6,5.1,0.65
28.9,17.8,12.3,32.8,25.2,22.8,15.5,15.2,23.3,13.6,13.2,3,0,1.3,1,15,16.8,19.6,35.6,9,10.7,26.4,50.1,16.7,19.7,1.3,4.2,23.6,16.4,27.1,14.7,27,36.9,25.8,18.8,40.5,13.4,23.4,14.4,6.4,6,16.4,27.2,21.9,7.2,10.3,17.2,21.6,11.3,12.9,109,107,109,13.2,23.6,6.9,36.6,11.8,36.8,18.5,27,26.2,13,34.1,47.1,20.8,27,51.2,14.6,52,17.1,47.9,52.8,38.2,24.2,3.8,7.5,27.9,25.3,19.8,22.1,18.8,26.6,23.2,26.7,24.8,33.1,36.4,33.9,23.2,14.8,1,25.6,24.2,17.2,23.6,10.6,7.6,27.3,36.2,16.2,11.4,16,24.2,24.3,22.7,19.6,33.6,18.8,27.5,12.8,29,27.8,7.8,30.4,33.8,25,13.6,25.3,34.4,34.5,22.8,11.9,0.15,10.5,6.2,1
25.3,18.4,11.8,8.7,24.4,24.2,14.8,13.3,22.5,10.2,14.1,2.3,4.2,0,1.3,13.1,17.9,18.9,40.1,11.3,12,25.1,68.9,19.1,19.3,0.2,5.6,22.9,15.6,23.2,12.8,27.2,40.5,24.6,19.7,44.8,11.9,34.3,16.2,7.5,6.9,21.7,29.1,20.2,6.4,7.1,16.3,22.2,11,12.4,92.3,106,108,14.6,48.8,5.5,30,13,33.6,22.2,27.8,26.5,11,36.7,49.5,12.7,24.6,52.6,15.3,49.2,16.9,48.7,51.3,38.9,8.1,3.7,8.4,29.8,21.6,20.3,23.2,18.9,25.1,22.5,27.6,26.3,33.7,37.5,36.5,20.3,14.4,1.1,28.6,24.9,16.3,23.1,10.4,8.4,26.1,37.1,14.5,12,14,18.5,24.5,23.6,23.3,34,14.4,23.5,12.3,26,26.3,9.5,31.6,36.3,24.9,12.2,27.9,33.7,17.5,30,19.7,1.3,11.4,4.9,0.01
25.6,15,12.4,26.5,23.3,23.5,15.1,13.4,22.9,9.5,12.8,2.6,3.2,0.8,0,13.9,26.9,19.3,38.8,10,10.6,18.5,67.6,18,20.1,1,4.2,6.5,15.6,22.9,13.7,25.9,39.1,25,16.4,46.1,12.7,33,14.9,24.2,5.6,22.1,27.8,17.9,5.1,7.5,18.2,21,10.8,12,92.7,107,108,13.3,18.2,6.3,28.7,13.3,35.9,20.9,26.5,25.3,12,35.2,48.2,13.1,23.5,50.2,14,47.9,17.3,47.5,50,37.7,27,4.1,7.1,28.6,21.6,19,21.9,17.6,26.2,22.9,26.4,25,26.1,36.2,35,18.4,14,0.1,27.9,23.9,15,24,10.1,7,26.9,35.8,15.2,12.5,14.4,19.3,23.2,22.4,22.9,32.8,13.1,23.2,13.1,26.3,27.1,8.2,34.3,34.8,24.9,13,27.2,34.1,16.1,29.3,16.1,0.8,10.6,5.3,0.6
12.8,3.3,42.9,13.1,8.3,18.7,8,0.22,31.9,25.6,24.3,14,19.5,19.4,20,0,3,10.1,23.2,16.9,19.5,31.7,66.2,14.2,11.3,15.6,16.1,39.1,3.4,10.1,5.5,10.1,25.4,11.3,10.5,27.8,5.6,14.9,27,26.3,17.6,27.6,43.5,28.6,22.7,23,28,37.7,21.3,28.9,95.6,90.1,93,30.9,15.5,13,26.4,21.5,25.7,20.3,9.2,12.5,7.3,24.4,30.6,11.5,13.4,56.3,6.1,53.6,11.6,64.3,68.4,53,23.5,14.2,18,30.1,10.9,34.8,33.4,6.2,10.8,34.1,43,10.3,14.8,52.4,24.2,6.1,12.3,18.2,21.3,9.5,29.3,15,27.1,8.7,10.1,52.6,7.5,8.5,0.02,10,42,8.6,8.2,16.3,29.4,10.4,8.1,12.9,11.2,20.8,24.1,17.6,12.3,14.3,20.2,25.8,12.3,24.6,5.2,17.6,20.4,18.8,18.1
2.2,12.2,17.7,13.3,12,11.4,12.3,12.3,52.2,33.6,38.8,26.9,27.2,26.1,16.9,14.2,0,9.6,13.4,22.8,28.7,49,74.9,24.8,13.5,26.1,27.2,35.4,7.9,13.8,11,6.1,14.9,8.8,13.2,31.8,17.2,16.2,40,29,30.8,49,52,51,31.4,32,44.2,32.2,36.7,41.8,93.8,78.4,93.9,65.7,36.4,22,40.2,33.7,38.2,29.4,1.3,3,15.6,27.8,34.7,23.8,8.8,76,14.6,73.7,20.4,65.3,67.8,56.4,24.2,17.7,31,46.4,9.8,36.8,35,3.3,4.3,35.9,44.2,10,20,53.3,24.9,4.1,4.1,17.5,25.2,10.2,28,13.7,33.6,18.8,0.08,60.9,12.2,8.4,5.5,6,49.2,6.5,11.5,13.3,29.7,14.1,8.5,12.8,0.1,28.5,36.3,24.7,5.6,17.2,24.6,21.7,11.1,26.5,4.2,18.1,34.1,31,23.3
12.1,9.3,9,26.5,23.6,18.6,8.5,6,38.8,34.3,32.2,20.9,22.4,24,18.4,5.1,5.8,0,25.1,17.4,21.4,43.9,68,22.6,16.7,18.3,21.6,23.6,16.4,27.1,14.7,27,36.9,25.8,18.8,40.5,13.4,23.4,32.1,42.6,24.9,35.8,46.3,31.6,25.3,26.6,37.6,38.7,26.5,29.8,89.7,104,105,32.7,65.9,15.2,34.4,27,35.2,27.9,9.1,12.8,9.3,34.6,41.4,14,16.6,69.8,11.1,66.4,18.1,65.9,68.5,55.4,28.5,18.4,26.4,42.5,9.6,37.5,35.4,7.8,5.6,36.6,44.8,9.7,21.4,54,34.8,8.6,9.9,19.4,30.2,15.3,28.7,19.8,26.9,14.4,10.1,54.2,4.1,7.7,7.2,4.3,42.5,4.6,13.7,24.6,32.5,18.4,8.1,13,10.3,21.9,32.8,35,12.6,8.3,29.6,25.9,18.1,27.3,8.7,19.5,27.4,23.1,19.6
49.3,24.8,32.6,13.9,16.1,16.3,24.7,24.7,56.2,46.4,51.2,40.3,40.3,39.2,38.7,29.8,27.5,25.1,0,36.9,41.8,63.7,88.1,37.1,19.3,28.3,40.6,48.5,23.4,15.9,26.5,14.8,5.4,22.7,20,4.2,31.3,30.1,52.4,42.1,43.9,53.7,65.1,52.4,47.8,49.7,57.4,47.7,49.9,54.9,77.8,76.2,77.8,52.6,85.7,35.1,40,46.8,34.3,43.4,18.3,15.8,29.2,19.3,15,24,23.6,56.3,27.7,86.2,34.8,85.7,88.3,75.2,28.5,36.9,43.9,66.8,15.4,57.3,55.4,24.5,19.9,56.4,64.6,17.3,14.3,73.8,19.5,25.2,26.4,39.2,29.3,15.2,48.4,16.8,47.8,30.7,16.7,74,27.7,30.8,27.1,21.6,62.3,22,20.6,13.9,52.4,15.6,29.3,21.4,16.9,41.7,32.6,19.7,15.7,35.2,28.6,9.2,19.1,11.6,25.3,39.2,48.3,42.8,39.2
25.7,13.7,9.4,30.9,18.2,4.7,13.3,13.3,25.4,15.6,20.1,6.8,9.5,8.4,7.9,11,14.4,17.1,36.9,0,11,17.4,57.3,15,14.5,8.4,9.5,17.7,12.7,11,22.7,37.2,34.7,13.8,44.2,8.4,32.5,21.3,10.2,12,21,34.4,20.6,8.9,11.1,19.5,20.1,13.8,23.9,106,5.9,106,31.3,13.2,48.9,11.5,16.9,8.4,22.4,10.6,26.4,25.1,11.1,26.1,48,11.4,19.8,49,12,49.3,9.1,48.9,51.4,44.4,16.3,9,7.2,24.9,27.1,20.5,16.4,17,25.8,18.9,27.8,24.9,25.9,45.2,25.9,16,13.9,10.2,18,23.7,8.9,19.3,8.5,6.3,23.4,37.2,21,9.4,15,21.8,19.6,22.2,18.7,25.5,13,20.3,9.7,25.2,23.6,4.2,21,25.7,24.4,19.4,16.9,30.7,15.6,27.6,16.4,10.2,9,15,10.2
28.1,20.4,13.8,24,26.8,13.9,21.3,17.6,27.7,15.8,11.1,18.1,17.7,16.9,12.8,19.7,11.9,21.4,21.4,2.5,0,9.4,50.4,7.5,20.7,16.9,17.7,25.4,19,20.6,17.8,27,41.9,21.5,16.9,44.3,30.7,18.2,12.3,13,7.4,13.9,27.4,13.4,22,24.3,30.1,25,23.9,17.1,111,107,109,13.2,48.1,12.3,16.1,7.6,21,9.6,27.2,25.9,11.9,23.1,48.8,12.5,20.9,52,12.8,48.5,10,48.1,50.6,47.5,14.9,9.8,6.3,24.4,27.3,19.7,15.5,18.3,26.9,18.4,27,25.7,28.2,46.1,22.9,19,14.7,10.9,16.6,23.1,8.2,21.6,7.7,7.1,24.3,36.4,21.8,18.2,16.9,22.6,18.8,23,17.7,24.1,13,20.9,18.5,30.3,24.5,3.7,19.6,22.7,25.2,20.4,15.9,34.3,15.3,30.1,17.1,10.9,8.2,15.8,10.3
50.7,26.2,25,47.5,43.9,42.4,32,35.2,4,5.2,9.5,21.4,24.1,26.8,14.1,33.3,40.9,43.3,59.3,11,20.5,0,36,12.3,21.8,9.9,25.6,42,39.2,42.8,39.3,46.6,22,43,34,67.1,39.5,42.9,10.8,1.3,21.9,24.9,33.8,27.1,16.2,17.7,27.7,30.6,16.2,21.1,107,129,131,10,23.2,32.4,9.5,8.3,17.9,15.6,47,48.8,34.8,47.1,71.7,32,43.1,27.7,35.5,27.9,30.9,27.4,27.7,56.4,21.9,27.5,20.4,3.1,50.7,13.4,15.5,41.1,49.7,4,18.2,48.6,46.8,55,46.9,41.9,37.6,25.8,20,45.3,15,43.9,12.6,30.9,50.4,30.2,41.6,32.4,32.9,42.4,2.4,45.9,39.9,46.4,9.8,43.1,32.9,51.4,50.6,18.8,15.9,46.7,48.1,43.7,20.9,56.4,34.1,53.4,42,25.1,13.1,28.5,25.2
77.2,62.3,60.2,76.5,68.2,67.1,63.9,63.1,31.6,36.6,39.3,49.3,53,51.1,49.2,60,65.8,67.6,88.1,51.4,50.5,29.9,0,47.9,58.3,67.4,50.4,55.5,19.1,4.4,23.2,7.1,14.6,5.3,10.6,16.3,28.4,4.2,40.9,37.1,46.8,42.9,51.4,40.8,31.4,36.3,44.7,32.9,41.4,43.2,141,155,151,39.8,24.7,67.8,40.6,53.9,35.4,46.9,66,64.7,62.6,71.9,59.1,56.2,56.5,20.9,59.7,29,55.1,25.2,31.1,98.7,42,71.9,45.3,40.2,66.5,55.7,42.3,66.6,67.7,44.5,54.7,64.5,51.3,97.3,71.7,66.3,67.5,68.1,40.3,64.4,49.1,54,56.6,60.7,75.2,63.8,72.7,63.5,64.7,71.6,48,68.6,59.7,51.6,39.6,67.9,63.9,77.9,75.7,60.5,36.1,71.5,72.9,69.3,47.1,81.2,63.1,77.4,66.7,49.9,57.1,53.3,49.4
28.6,13.3,13,22.3,17.3,15.2,16.9,18.1,17.3,19.6,17.9,17.3,19.2,19.4,16.3,14,19.8,16,36.3,8.6,7.5,24.7,54.4,0,12,17.6,21.3,48.6,14.7,4.7,15.9,4.7,16.7,0.18,7,19.9,21.1,4.8,37.4,27,12.3,34.7,39.5,32.7,27.9,32.9,41.1,46.6,33.1,33.3,92.4,104.6,105.6,18.4,43,20.8,12.7,12.2,13.8,6.2,27.4,22.6,14.8,16.4,49.1,9.2,16.1,39.8,11.1,54.3,6.8,53.8,56.4,53.7,9.1,16.6,10.8,30.2,25.7,25.4,13.4,14.1,24.8,17.3,32.8,20.3,19.7,52.2,16.2,15.1,16.3,19.6,10.2,18.3,10.4,16.8,14.6,10.9,26.8,42.2,22,19.9,17.3,20.4,25.7,20.8,12.9,19.3,18.2,16.1,20.5,29.3,27,10.7,11.8,16,23.5,23.5,10.3,26.9,11.3,30.3,13.8,17.7,15.1,24.8,19.1
15.7,9,10.4,8,3.8,3.4,11.2,19.6,34.2,28.8,28.5,19.9,22.7,19.1,16.2,8.5,19.5,11.3,18.3,16.3,18,39,67.4,11.1,0,19.1,24.3,44.3,16.8,1.4,18,5.3,15.9,2.2,6.1,19.2,23.2,4.8,40.3,26.3,22.9,34.4,49.5,32.4,27.6,35.3,36.8,42,30.2,33.9,81.6,95,96,29,62.4,17.2,25.2,21.9,22.3,18.7,12.9,10.3,12.3,16,31.1,5.1,4.1,66.3,7.5,62.8,8,62.4,64.9,55.1,15.9,18,21.4,43.5,13.4,34,31.7,8.7,14.5,42.1,41.3,8.8,7.8,53.6,15.8,8.1,10.3,19.1,17.1,6.3,21.6,4.6,23.1,11.8,13.1,50.7,17.5,19.5,12,13.2,34.2,11.6,2.7,7.4,28.8,4.1,20,16.4,13.3,20.4,20.3,15.6,8.6,21.6,16.4,13.2,1.2,15.4,8,19.1,23.6,22.4,19.1
25.5,18.6,12,8.9,24.6,24.4,15,13.5,22.7,10.4,14.3,2.5,4.6,0.2,1.5,13.3,13.4,18.8,39.2,10.4,13.8,12.4,69.1,19.3,19.5,0,5.8,23.1,15.8,23.4,13,27.4,40.7,24.8,20,45,12.1,34.5,16.4,7.7,7.1,22,29.3,20.4,6.6,7.3,16.5,22.4,11.2,12.6,92.5,106.2,108.2,14.4,49,5.7,30.2,14.6,33.8,22.4,28,26.7,11.2,36.9,49.7,12.9,24.8,52.8,15.5,49.4,17.5,48.9,51.5,39.1,8.3,3.5,8.6,30,21.8,20.5,23.4,19.1,25.3,22.7,27.8,26.5,33.9,37.7,36.7,20.5,14.6,1.3,28.8,25.1,16.5,23.3,10.6,8.6,26.3,37.3,14.7,12.2,14.2,18.7,24.7,23.8,23.5,34.2,14.6,23.7,12.5,26.2,26.5,9.7,31.8,36.5,25,12.4,28.1,33.9,17.7,30.2,19.9,1.5,11.9,5.1,0.3
29.3,18,12.8,33,25.8,23,16,12.8,23.8,14,13,3.6,0.5,1.8,1.6,15.6,17.1,20.1,35.1,9.5,11.2,26.9,49.6,16.2,20.2,1.8,0,37.7,5.4,18.7,2.2,17.8,20.3,17.2,18.3,8.3,0.85,19.3,31.5,16.4,6,16.9,27.7,22.4,7.7,10.8,17.7,22.2,11.7,13.3,93,106.7,108.7,13.7,24.2,6.2,36.1,11.3,37.2,19,26.7,26.6,13.5,35.5,47.6,21.3,27.5,51.7,14.1,52.4,17.6,48.2,53.3,39.3,24.7,3.3,7.5,27.3,25.8,19.3,22.8,18.3,27,23.7,27.1,24.5,32.7,36.9,35.3,22.7,14.3,1.5,25.1,24.7,16.8,24,10,7.1,27.8,36.7,16.7,12.2,16.3,24.7,24.8,22,19,32.9,18,26.9,12.7,30,28.2,8.2,30.9,34.3,25.5,14.1,25.8,34.4,35,22.1,12.4,0.37,11,5.8,1.6
53,29.1,21.8,37.6,35.4,22.7,26.3,35.1,22.1,23.3,9.7,9.3,9.2,9,26.4,34.1,30.1,50,15,24.8,32.4,57.9,29.4,30.2,9.2,9.3,21.2,0,27.7,49.7,26.5,35.7,51.3,35.1,29.5,57.3,23,49.5,21.7,11.4,29.8,27,33.8,30.5,7.3,5.9,6.1,15.7,8,5.2,117,9.7,132,31.5,34.8,15.4,41.3,25.8,44.2,31.5,37.7,39.6,36.2,57.8,72.3,39.2,47.3,69.4,38.4,58,43.4,53.9,56.4,13.8,47.9,26.4,31.3,47,51.4,29.5,44.9,41.7,50.3,45.7,21.3,49.1,56.8,12.9,57.6,42.7,38.2,24.2,49.6,48,38.1,48.1,30.5,31.5,51,24.1,45.3,40.7,40.3,46.1,42.5,46.5,47,56.9,31.3,50,41.2,53.8,51.2,33.7,52.6,57.4,48.7,44,48.8,58.2,42.5,49.1,42.5,23.5,31,28.3,23.6
25.6,6.8,8.8,22.3,14.2,8.8,6.9,6.9,34.3,24.8,31.8,18.4,17.5,17.3,16.8,7.6,3.7,4.3,18.7,15,19.9,37.4,66.1,19.4,13.9,17.3,17.5,26.6,0,5.6,5.2,9.9,20.3,12.5,13.7,35.6,13.8,29.8,33,20.2,26.6,35.8,38.8,29.5,25.1,25.2,35.4,23.9,29.7,46.3,97.6,19.6,35.4,23.9,27.9,46.3,97.6,19.6,97.6,62.4,23.9,13,52.6,24.9,32.8,40.7,6.7,8.3,6.7,31.2,38.4,63.4,65.9,52.9,26,15.8,21.3,40.1,8.2,35,33.1,6.4,7.2,34.1,42.3,8.3,22.3,51.5,28.3,7.2,5.5,16.9,27.7,13.3,26.1,17.8,24.4,11.9,8,51.7,5.1,9.4,5,2.9,40,3.2,12.3,22.1,27.4,16.3,9.9,10.7,8.2,19.4,30.7,28.1,5.3,19.4,26.5,21.8,14.6,24.4,7.7,16.1,24.9,20.4,18.5
13,8.7,12.4,4.4,1.4,0.4,11.4,19.8,35.6,26,26.8,21.4,23.4,22,22,15.3,13.8,17.2,14.1,19.9,19,43.3,67.7,18.4,3.3,22,20.6,43.6,16.1,0,17.3,4.6,16.2,1.6,4.1,18.6,19.2,4.2,31.8,24.1,25,33.6,45.7,31.7,27.8,30.3,36.1,41.3,29.6,32.4,72.3,87,88,27.3,13.6,19.1,26.9,26.1,24.9,22,10.6,7.7,14.2,12.9,26.5,3.1,3.8,49.9,10,65.8,11.4,53.8,70,58,17.7,20.9,23.5,46.4,10.8,36.9,29.4,11.1,12.3,35.6,44.2,7.4,4.8,56.6,12.7,11.7,32.8,22,17.9,4.3,24.8,1.8,26.8,13.7,11,53.6,19.4,19.7,12,13.9,41.9,10.7,3.7,4.4,27.1,0.3,20.1,13.7,11.2,23.4,23,12.9,7.3,27.2,17.2,10.2,0.4,8.7,11,21.4,26.8,25,21.5
38.4,8.3,10.8,22.5,18.6,5,8.3,8.3,32.8,23.3,26.5,12.6,13.1,13.3,13.9,3.2,6.5,6.8,23.1,8.7,18.1,40,64.6,18.1,18.6,13.3,13.1,24.8,4.4,16.5,0,14.3,24.3,13.2,14.5,35.8,3.9,29.5,31.5,20.1,20.5,30.2,41.4,28,18.8,18,24.2,12.4,17.6,25.5,97.8,12.7,97.9,55.4,40.4,8.6,51.1,23.1,51,22.7,11.1,12.7,5.2,29.2,38.7,13.4,14,65.7,9.9,63.4,13.7,62.7,65.2,52.2,25.3,11.9,20.8,44,9.1,34.2,32.4,7.7,11.1,33.3,41.6,12.2,20.7,50.8,29,8.7,6.9,12.7,26.9,14,25,18.5,23.2,10.9,11.5,51,3,2.5,7.1,6.9,37.5,7.1,13.9,22.9,30.4,16.8,2.9,14.2,11.7,18.1,30,28.8,13.8,6,25.8,24.2,15,28.2,8.2,13.3,23.7,12.8,13.3
38.3,9.1,20.8,7.9,5.9,6.2,9,9.7,41.3,31.8,38.7,25.4,25.3,24.3,23.7,17.3,10.1,12.6,13,22,26,48.8,73.1,22.2,9,24.9,22.9,33,9.9,4.4,10.9,0,19.6,29.2,19.5,9.2,4.6,25.9,14.8,12.1,23.3,22.2,50.1,36.1,34.8,36,47.1,48.2,39.4,38.8,74.6,88.3,90,35.6,69.8,24.9,32.5,29.2,29.4,26,7.2,3.1,18.2,18.3,29.3,12.5,4.4,73.6,14.2,70.2,15.4,69.7,72.3,62.4,24.3,25.3,30.6,50.8,6.6,47,39.1,10.5,8.8,40,48.6,3.9,6.9,63.5,18.1,11.7,12.3,28.9,22.3,4,31.1,6.2,30.5,19.2,7.6,63.7,16.7,17.4,11.1,10.5,46.3,10.9,9,6.4,35.3,4.7,17.9,10.3,7.8,27.8,29.6,17.9,2.4,20.7,21.6,11.7,8.5,15.7,8.9,24.3,31,32.5,26.9
15.7,28.2,29.1,14.4,15.7,15.5,23.8,20.5,56.4,54.4,51.4,36.3,37.9,40.7,38.8,25.2,26.8,26.7,6,37.6,41.5,36.3,49.9,36.8,18.2,40.1,35.4,53,20.3,15.3,24.9,13.9,0,15.5,11.4,25,29.6,16.5,35.7,28.5,28.9,37.5,31.9,30.1,46.7,48.2,51.3,45.2,35.4,19.3,86.1,98.3,100,51.9,38.7,23.8,12.5,17.5,9.5,9.7,30.8,22.5,19.1,10.9,42.2,12.4,16.4,35.5,14.6,40.9,10.3,40,43,59,2.8,22.8,41.9,40,27,30.5,14.2,21.9,14.9,62.9,62,14.5,15.6,71.2,10.7,22.7,24.1,36.7,29.5,14.7,45.9,13.9,19.6,15.5,25.5,47.2,25.4,24.3,24.3,23.8,22.9,23.1,16.3,17,51.7,15.6,24.9,16.4,25.7,17,7.5,10.5,14.4,28.4,29,9.7,19.5,14.6,23,36.9,20.1,29.7,36.4
11.4,10.1,11.6,7.9,3,1.9,10.2,18.5,36.7,41.3,31.7,26.1,26.9,25.6,23.7,7,20.3,9.6,16.4,20.4,21,22.7,72.6,15.5,5,24.7,26.5,32.8,13,1.8,18.4,5,13,0,5.1,44.1,10.2,20.9,33.3,27.8,18.2,34.1,32.9,20.1,21.7,27.6,36.9,5.2,15.4,15.8,79.6,93.1,94,32.2,66.2,18.7,29,26,26.1,22.5,9.1,6.5,13,16.2,29.6,8.9,0.17,70,9.2,66.6,11.8,66.1,68.7,59.1,18.6,22.1,24.3,47.5,9.6,38,30.8,9.5,10.7,36.7,45.3,5.8,6.3,57.7,16,9.4,11.3,23.1,19.4,2.4,27.8,3.3,27.2,15.4,9.4,54.8,17.4,18.2,11.4,12.3,43,11.6,4.3,5.8,32,2.1,18.5,12.1,9.6,24.5,24,15.8,5.7,24.5,18.7,12.6,4.9,19.2,9.6,22.8,27.7,26.1,22.8
16.3,9.1,11.6,8.8,4.6,4.3,12.1,20.5,34.8,28.1,28.7,20.9,22.3,18.6,15.5,16,18.8,11.1,19.1,19.4,20.6,19.1,66.7,10.4,1.1,18.6,21.4,38.5,14.1,4.7,17.3,9.9,14.1,8.3,0,31.2,8.4,27,30.7,21.9,19.4,29.9,27,15.3,15.8,21.4,31,12.9,25,18.6,81.8,94.1,95.1,29.2,61.9,16.6,24.7,21.4,24.1,18.2,12.4,8.2,12,16.5,32,4.6,2,65.7,7,62.3,7.5,61.9,64.4,54.5,16.1,17.5,21.6,43,12.9,33.4,31.2,8.2,13.9,36.7,40.8,9.6,8.7,53.1,16.3,7.6,9.8,18.5,17.2,7.1,21.1,5.5,22.6,11.3,12.6,50.2,17.1,20.5,12.7,12.7,33.7,11,2.2,5.8,29,5,20.9,17,12.8,19.9,20.6,16.1,9.4,21.1,16.5,14.1,0.1,10.6,7.8,18.5,23.1,21.9,18
20.1,32.1,36.1,16.3,19,17,27.8,10,24.9,56.5,57.7,43.3,45.6,47.4,45.5,29,8.6,10.6,4.2,41.4,44.3,4.2,91.4,38.7,21.5,47.1,44.6,60,22.9,17.8,36.4,17.3,22.9,15.9,20.9,0,18.7,4.4,32.2,29.9,27,33.6,32.1,19.3,23.4,29.5,40.9,31.5,25.5,18.9,57.7,70.1,72.3,58.2,87.6,37,41.8,48.7,36.2,45.2,17.8,17.3,31,21.2,14.3,25.9,18.7,58.1,29.5,88,36.6,87.6,90.1,79.9,30.3,38.7,48.8,68.7,14.9,59.1,57.3,26.3,19.3,58.2,66.5,18.7,16.2,78.5,21,27.1,27.5,41.1,31.1,17.1,50.2,18.7,49.6,32.6,16.2,75.9,27.2,9.9,28,21.1,64.2,21.5,26.6,15.8,58,18.1,10.6,20.8,16.4,43.5,34.5,20.8,18.9,34.7,33.9,11,20.9,17,13.9,41.1,49.6,46,40.6
15.1,9.7,8.4,25.9,19.8,20.3,7.5,0.85,42.2,32.1,30,14.8,15.8,9.3,10.4,8.1,4,10.9,31.3,8.1,18.7,33.3,63.7,21.3,18.9,9.3,17.1,22.3,13.4,18.2,3.9,17.9,13.4,40.3,16.5,33.7,0,29.8,5.9,5.2,4.2,6.7,14.5,23.1,10.9,18.3,22.8,31.5,34.2,23.9,84,97.5,99.1,30.5,62,7.9,30.4,22.9,33.2,23.9,12.7,16.5,6.7,31.5,39.5,25.9,16.6,65.9,11.5,62.4,16.5,62,64.5,49.3,26.5,11.8,19,43.1,13.2,33.6,31.7,8.9,12.4,41.7,40.9,13.4,23.6,50.1,31.3,9.7,8,11.9,28.1,15.2,24.7,19.7,22.9,10.2,13.1,50.3,3.1,1,8,7.9,36.7,8.3,14.2,24.1,30.3,18.5,1.5,15.8,13.3,18,31.2,31.1,17.3,4.7,27.4,28,16.2,25.6,12.2,12,22.9,11.4,12
12.1,26.4,26.3,24.7,21.1,4.4,12.9,20.1,39.7,35.7,31.3,22.1,23.9,35.3,35.7,10,3,9.7,30.1,34.5,17.5,30.1,64,20.1,17.8,35.3,25.1,50.2,20.6,4.2,24.8,16.7,20.6,11.8,8.1,20.1,10.9,0,20.2,11,10.7,20.7,18.4,33.6,8.8,13.9,24,11.4,18.7,19.5,71.4,85.2,86.3,31.8,69.4,20.1,28.9,25.6,28.6,22.4,9.8,4.7,16.2,15.3,25.2,12.1,4.8,55.9,10.6,69.8,11.7,62,71.9,58.8,21.8,21.7,24.2,47.2,8.1,37.7,30.4,11.4,11.3,36.4,45,6.5,4.3,57.3,15.1,10.8,13,22.8,22,4.4,25.3,5.9,26.8,15.5,9.4,54.4,20.2,20.5,13.3,13.1,42.7,13.5,8.7,3.9,31.6,3.9,20.9,12.8,9.6,24.1,27,14.8,5,27.8,18,9.1,8.2,13.4,12.9,22.8,27.3,26.1,22.2
40.7,29.1,27,49.5,33.3,30.2,29,31.7,12.8,5.3,1.2,13.4,10.2,17.3,16.1,26,32.1,30.7,52.3,14.9,12.3,52.3,37.7,26.1,34.7,15.3,12.2,24.4,33,29.8,28.3,43.2,33,17,26.1,20.2,13,9.4,0,28.3,31.4,41.2,53,39.3,32,38.7,19.7,48,21.3,21.2,108,121,122,1.7,35.4,23.8,16.3,13.2,24.8,16.4,39.2,42.5,23,34.1,64,24.1,31,39.3,27.5,35.8,23,35.4,37.9,50.1,25,20.8,7.5,14.3,38.5,4.4,15.3,31.5,40.1,13,14.3,42.2,34.6,48.7,33.9,32.3,26.6,19.4,26.7,33.1,11.9,5.9,5.5,22.1,39.5,23.7,37.8,32.2,30,39.2,9,39.6,27.8,38.6,1.5,30.1,32.4,41.4,39.7,11.7,23.4,33.7,37.2,33.7,26,44.3,26.1,43.2,33.2,15.8,6,18,13.5
35.4,17.3,14.2,36.9,27.9,29.6,38.6,19.8,18.7,10,6.8,7,9.2,5.3,3.4,31,18.2,34.4,42.2,8.1,13,42.2,35.5,18.7,22.1,5.3,8.6,11.4,19.1,24.7,18.2,30.5,19.1,22.1,37.3,32.7,58.5,31,40.3,0,15.4,20.7,18.4,33.6,8.8,13.9,24,46.1,32,28.3,99.1,111.4,112.7,7.3,24.5,31.1,9.2,15,17.6,15.3,45.7,47.5,34.8,32.2,70.4,30.7,41.8,29,34.2,29.2,29.6,25.8,29,55.1,21.6,26.2,2.8,4.4,49.3,12.1,12.1,39.8,48.4,3.7,16.9,47.3,45.5,53.7,32,40.6,36.3,24.5,19.8,44,13.7,5.9,11.3,27.9,28.7,27.5,40.3,19.6,39.2,41.1,1.1,44.6,34.4,45.1,7.1,25,19,36.1,28.9,17.5,23.4,31.8,26.4,15.8,20.6,35.6,32.6,37.8,20.3,23.8,11.8,10.2,6.2
34.2,22.5,14.6,29.1,27.4,25.1,18,15.7,17.8,5.4,10.2,5.2,6.9,5.6,5.7,20.5,30.8,23.2,39.2,8.9,6.8,20.9,47.2,12.2,21.7,5.6,7.5,26.7,19.5,25.5,19.6,29.2,19.5,9.2,4.6,25.9,14.8,12.1,23.3,22.2,0,22.2,30.8,23.1,16.2,20.7,28.5,6.8,34,34.6,96.9,108,109,10.7,19.6,11.1,23.7,8.3,26.6,15.7,30.4,29.2,16.4,29.8,50.7,22.6,26.2,47.6,18.2,45.2,15.2,44.8,49.5,41.1,19.9,7.7,1.5,23.9,19.7,16.4,17,21.5,30.4,17.9,23.7,28.3,33.9,39.7,29.6,22.3,18,5.7,21.5,27.5,11.8,30.2,4.2,10.2,30.7,33.1,21.3,16.9,18.4,22.4,19.4,29.5,24.9,33.4,10.5,25.8,16.4,34.9,26.8,6.9,24.6,29.8,28.5,17.9,20.8,35.9,21,38.3,22.3,5,4.5,10.2,5.7
40.7,29.5,29.5,42.2,34.9,31.4,30.7,38.8,7.7,2.2,3.7,15.4,17,22.7,16.2,27.3,37.7,14.9,33.7,32.9,26,54.9,35.5,24.1,30.2,17.8,19,26.1,33,32,32.1,43.3,33,1.3,5.7,17.7,16.1,5.1,30.8,32.1,25.9,0,38.4,30.7,25.5,32,41.2,18.2,10.4,42,100,114.6,115.7,4.2,36.7,21.7,12.8,10.5,21.2,13.7,42.5,39.5,25.2,36.2,62.5,25.4,32.3,38.3,28.2,37.1,24.3,36.7,39.2,49.6,26.3,18.6,9.4,10.7,41.8,9.2,11.1,31.8,42.2,9.4,17.4,41,35.9,48.2,36,31.2,27.9,16.2,21.6,34.4,9.2,33,6.8,21.7,40.8,26.8,35.1,36,31,35.9,6.2,38.4,29.1,35.5,4,32.3,36.7,41.4,41,13.3,19.1,35.8,36.3,36,23.2,45.3,27.2,48.4,31.3,22.5,7.3,25.9,16
48.4,25.5,41.2,28.1,27.7,44.7,40.6,39.8,3.1,10.5,11.8,22.8,20.5,28.1,63,42.3,45,45,45,34.3,21.9,65.1,30.4,32.9,41.8,28.1,19.4,33.8,38.8,45.2,42.3,49,38.8,55.9,65.3,59.1,58.5,54.7,39.3,47.7,46.9,36.1,0,29.5,50.5,59.9,62.2,35.7,28.5,28.9,119,131,132,12.3,23.2,35,8.5,15.8,16.9,14.6,46.1,44.8,30.8,33.5,67.7,31.1,38,27.7,40.1,27.9,37.5,24.5,27.7,52.7,20.9,25.8,22.9,3.1,53.2,14.2,6.8,43.5,52.1,2.9,20.6,49.7,49.1,57.3,33.3,44.2,39.9,28.1,19,49.8,14.4,42.3,15,33.2,52.8,32.4,47.1,41.1,40.9,41.5,4.8,48.2,34.8,48.7,12.1,45.5,41.5,49.1,53,19,14.9,33.1,50.4,45.7,19.9,58.8,33.1,60.5,44.3,26.7,14.5,30.9,27.5
39,29.1,23.5,44.4,32.6,27.8,25.8,30.4,8.7,5.5,6.8,19,17.9,24,49.3,22.4,43.5,31.4,31.4,20.6,26.4,51.1,37.2,31.8,40.7,24,16.4,30.4,29.5,28.3,28.6,39.8,29.5,8.9,7,29.5,12,13.9,26.7,22,17.5,27.8,34.3,0,15.2,20.1,31.2,39.7,28.9,40.3,110,122,123,7.3,29.8,20,9.9,7.4,18.3,10.5,37.7,36.1,22.4,33.6,59.3,22.7,29.6,33.8,25.4,35.6,21.6,35.1,42.1,53.5,22.3,17.4,11.7,12.1,38.5,15.8,8.2,28.7,37.3,6,24.4,36.2,33.2,52.1,33.4,28.5,25.2,18.3,18.4,31.7,6.1,30.3,13.1,17.7,37,33.8,32.3,27.3,26.5,33.1,8.8,33.5,26.4,48.7,7.1,28.6,28.3,40,37.2,10.6,16.3,33.2,32.6,38.9,15.7,41.9,28.7,36.3,30,18.3,13.6,23.4,17.8
35.2,22.2,19.2,31.3,23.7,27.9,20.6,19.9,30.4,21.2,18.7,6,7.8,29,38.3,21.8,20.3,20.3,20.3,9.5,14.4,40.4,49.5,21.9,20.2,2.9,8.8,7.3,18.5,28.4,17,28.1,18.5,69.6,64.9,59.4,65.5,62.7,39.5,49.9,44.8,39.7,28.9,40.3,0,60.2,64.9,22,31.5,32.1,99,118,119,19.2,50.7,12.4,31.6,20,38.7,27,32.7,31.4,16.1,44.4,54.3,21.2,29.4,54.6,19.1,51.2,22.8,50.7,53.3,32.7,31.5,9,11.4,30.5,33.4,14.9,29.4,22.4,32.3,24.5,28.3,31.2,38.4,31.3,44.2,23.2,18.9,5.5,34.5,30,16.7,30.1,15.5,13.5,33.2,39,23.9,16.8,21.1,28.1,26.4,28.5,29,38.9,19,28.7,17,35.9,33.4,13.4,37.5,44,30.9,25.2,34.9,40.7,22.4,35.1,23.3,5.5,16,8.2,5.5
39.4,19.9,16.1,37.2,29.7,38.8,24.7,20.4,36.1,31.2,24.4,10.9,13.4,8.6,47.5,25.9,26.9,26.9,26.3,11.2,26.5,45.8,59.5,27.2,29.5,8.6,11.3,5.6,27.7,30.7,18,35.3,27.7,14.2,9.6,35.3,15.7,17.2,20.9,19.9,15.9,22,31.5,32.1,17.8,0,34.9,36,38.8,38.1,109,121,122,24.9,56.4,12,40.2,24.6,45.2,31.6,34.3,35.2,19,48.5,58.1,20.7,32.9,60.3,22,56.8,29.2,56.4,58.9,34,38.5,9.1,17,37.5,37.2,23.5,38.5,23.4,36.1,33.4,33.5,35,41,32.6,48.3,24.2,19.9,7.7,40.2,31.6,26.4,29.6,22,13.9,36.6,38.5,20.9,19,25,29.7,30.7,30.1,30.6,40.5,24.7,31,19.8,40.1,36.8,16.7,43.2,48.1,34.3,21.8,37.2,45.3,24,48.3,26.2,8.2,22.5,7.5,8.2
45.8,29.1,27.7,44.9,40.6,43.8,32.6,33.5,38.8,32.2,26.6,18.2,20.6,16.3,55.2,31.3,35.5,37.4,57.4,19.6,29.8,57.4,63.1,35.5,37.2,16.3,19.1,9,33.7,39.8,24.4,45.7,33.7,66.4,65,87.6,62.2,69.4,35.8,44.7,44.3,36,38.8,38.1,47.8,54.2,0,37.8,57,58.3,110,121,121.9,27.1,58.8,20.8,39.5,29.2,50.9,36.2,42.8,42.2,28.2,50.6,65.1,29.2,40.2,62.6,31.2,59.2,31.5,58.7,61.3,26,40.7,17.7,24.1,39.8,44.2,22.4,40.8,34.5,43.1,38.5,22.9,42,43.8,21.3,50.4,35.3,31,18.7,42.4,40.8,30.9,40.9,23.3,24.3,43.8,31.2,38.1,30,33.2,38.9,35.4,39.3,39.8,43.4,26.9,40.1,30.7,46.5,44,25.2,45.4,50.2,41.5,32,41.7,51,35.3,48.2,35.4,17.2,23.8,14.6,18.3
48.4,16.4,23,34.4,34.2,46.3,35.1,37.5,41.3,28.4,29.1,20.7,23.3,11.6,43,33.4,20.6,20.6,39.7,20.1,25,50.9,60,24.3,26.8,11.6,25.6,16.7,23.9,42.3,12.1,28,23.9,68.4,63.8,89.6,64.2,71.4,37.8,46.5,49.1,37.8,57,58.3,49.7,56.1,60.8,56.2,23,22.9,116,128,129,29.6,53.5,28.3,42,31.7,49.9,37.5,46,44.7,30.8,53.2,67.7,34.5,42.7,57.4,33.7,61.7,41.2,61.3,55,16.7,43.2,25.5,26.7,42.4,46.8,24.9,40.3,37,45.6,41,21.4,44.5,46.3,15,53,37.8,33.5,21.3,44.9,43.3,33.4,43.4,25.8,26.8,46.3,25.6,40.6,32.5,35.8,41.4,37.9,41.8,42.3,45.9,29.4,42.6,32.8,49.1,46.5,27.7,47.9,52.8,44,39.6,44.2,53.5,37.8,50,37.9,21.3,26.3,23.6,21.3
36.9,21.8,22,44.5,33.2,30.1,23.4,16,35.5,30.7,23.8,10.3,11.7,9.9,47.7,24.8,26.7,26.7,47.7,14,31,47.5,59,36.4,28.4,10.6,13.4,7.8,29.7,30.5,18.5,38.2,29.7,62.2,56.2,78.7,50.2,71.2,49.1,43.6,41.7,56.2,23,22.9,37.4,35.6,27.6,28.3,0,39,102,114.5,115.8,24.3,56,9.6,36.8,24.5,44.8,32.8,37,35.7,17.6,44.5,53.8,25.5,32.8,59.8,19.7,56.4,24.7,56,58.5,35.9,38.1,10.8,16.4,37.1,35,25.4,35.2,23.2,30.1,35.7,35.4,35.3,37.9,34.5,44.3,24,19.6,9.9,39.8,29.5,26.8,31.3,20.7,16.4,34.7,44.3,18.5,15.3,23.8,31.5,32.6,32.5,28.5,38.4,24.1,30.8,15.7,37.6,34.9,18.6,39.3,44.2,35,15.8,39,41.9,25.7,45.4,24.1,9.7,21.2,5.9,10.5
38.5,24.1,26.8,49.3,38.2,34.5,29.6,24,27.4,21.8,13.2,10.8,12.2,14.3,48.3,27.3,34.3,30.3,50.4,19.6,17.1,50.4,48.1,22.5,34.8,13,14.6,5.5,28.5,32.5,26.5,43.2,28.5,17.2,13.6,36.3,7.6,21.2,23.9,14.5,20.7,24.2,19,18.8,10.3,13.6,27,30.1,25,0,102,114.9,116.3,13.7,47.5,18.4,28.1,17.8,36.1,24,36.1,34.8,20.9,39,57.8,24.6,34.8,49.6,23.8,47.9,27.4,45.7,48.3,35.7,29.4,13.8,11.1,28.5,43.1,11,26.4,27.1,35.8,27.2,19.5,34.6,39,34.3,38.8,27.9,23.6,11.3,31.1,33.5,19.6,33.5,12,16.9,36.5,28.8,30.8,22.6,30.4,31.6,24,31.9,32.1,38.6,13.5,32.8,23,39.2,36.7,16.1,34.1,38.6,34.1,34.6,30.3,43.6,27.6,47.7,26.2,10.5,12.5,14,10.9
80.1,81.1,86.5,69.8,77.4,86.2,94.1,99.3,134,98.5,105,107,108,93.4,93.1,79.7,78.9,86,65.8,90.8,94.8,116,142,92.5,76.4,93.4,109,115,82.4,71.4,82.6,77.1,82.4,23.3,17.2,39.8,10.5,35,15.7,7.8,7.7,16.8,16.1,11,5.2,9.1,20.4,116,103,103,0,12.9,14,105,82.9,90.6,91.4,101,91.8,90.1,77.9,76.4,84.3,74.2,50,80.1,71.2,111,81.6,142,85.7,113,142,132,84.1,92,96,117,77.9,111,96.6,78.3,79.4,120,118,75.6,70.2,128,74.2,79.1,83,93.1,84.1,76.1,97.2,73.3,104,88,78,128,84.6,99.2,95.7,80.7,127,77.9,79.1,69.8,107,71.4,99.4,80.8,71.7,94.8,89,74.2,75.7,92.8,84.1,78.4,75.8,81,80.1,92.4,100,97.9,93.1
93.6,94.6,100,83.3,90.9,85.3,92,98.4,133,112,129,106,108,107,107,95,91.7,99.6,79.3,107,108,129,155,105.4,89,106.4,107,127.9,95.6,84.3,95.9,90.2,95.6,27.5,19.5,50.5,18.8,24.1,8.1,2.6,1.5,10,21.7,11.5,12.5,15,21.3,128.8,116,115,12.7,0,26.9,128,94.8,103.5,103.3,114,104.7,102.4,90.8,89.6,98.2,88,62.9,93,84.3,124,93.5,155,98.4,126.5,155.3,144.9,97,105,108,129.9,90,123.9,108.3,91.5,92.3,133,130.9,88.6,83.1,140,87.3,90.3,96,106,97.8,89.2,109.6,85.4,116.9,100.3,90.9,140.1,96.5,98.4,92.6,92.3,114,89.6,92,81.7,119.5,84.3,98.7,93.6,68.3,106.6,101.6,88,87.7,104.7,97,77.6,76.2,79.8,94,104.3,112.9,109.8,105
95,95.9,101,84.6,92.3,86.7,94.8,94.5,135,113,130,107,109,108,108,96,93,101,80.6,109,110,130,157,107,90.3,107.9,109,130.4,97.2,95.6,97.2,91.8,97.2,28.9,24.3,51.4,24.4,31.9,4.2,7.3,25.1,5.3,41.2,41,12.9,20.4,24.9,130,117,116,13.9,1.2,0,129,96,104.8,104.6,115.5,106.1,103.6,92.3,91.1,99.4,89.5,64,94,86.3,125,95.3,156,99.2,127.7,156.3,146,99,106,109,131,91,124,109,93,93.4,134,132,89.7,84.3,141.5,88.6,91.5,97,107,99.1,91.2,110.8,86.6,118,101.5,92.1,141.6,97.6,99.7,95.6,93.6,115,90.7,93,82.9,120.5,85.6,99.9,94.8,69.5,107.8,102,89,89.1,105.1,98.5,78.9,77.8,82.2,95.6,105,114.2,111,106
41.3,28,23.7,34,32.8,28.2,35.1,29.5,13.8,10.3,0.6,12.2,14.1,14.7,14.7,37.7,30.2,31.7,51.8,14.8,12.7,9.8,41.2,17.2,26.6,15.1,15.4,33.7,27.6,28.1,27.4,34.2,27.6,9.1,13.1,15.5,14.8,8.7,45.2,35.4,19.3,49.2,18.7,13.6,30,36,44.5,31.4,24,16.6,105,117.9,120,0,24.5,20.1,19,12,21.9,15.9,38.9,37.7,24.4,90.1,59.7,27.9,32.8,42.2,25.9,39.2,22.8,38.8,43.3,48.1,31.3,17.1,7.5,12.8,33.2,7.9,12.3,28.6,37.5,12.1,17.6,38.4,33.9,46.7,34.7,31.8,26.4,14.7,22.1,47.5,10.4,31.5,5.5,18.9,39.2,31.3,32.1,24.1,35.7,33,8.4,37.8,28.2,34,0.9,30.4,24.4,42,31.7,9.7,20.3,34.7,37,30.7,21.9,42.2,25.9,45.6,29.7,14.1,5.5,18.9,14.6
28.2,17.1,14.9,18,14.7,15.3,19.1,22.2,20.7,24.8,22.7,22.1,23.8,29.6,29.4,16.5,28.2,45.6,28.8,34.8,12.6,16.5,49.3,8.6,11.1,26.9,24.6,36.5,22.1,16.4,25.6,20,22.1,37.3,32.7,58.5,31,40.3,5.2,15.4,15.8,8.8,32.4,30.4,18.5,23.4,22.4,31,34.5,83,87.3,99.4,101.8,22.2,0,54.9,26.1,45.4,29,32.2,72.4,71.1,57.1,34.3,94,58.6,65.4,3.9,60.1,4.7,57.5,1.4,6.8,60.5,35.6,51.9,15.6,20.3,73.1,35.7,26.8,17,26.9,20.7,36.4,22.3,17.5,56.2,34.1,16.3,18.4,23.2,7.1,19.5,12.4,69.8,42.1,53.2,24.6,43.8,67,21.9,19.8,67.8,29.7,68.2,62.2,73,23,16.7,22.5,28.9,24.8,46.5,29.6,33.9,24.3,32.8,6.4,21.2,11.2,24.2,15.8,22.5,41.6,26.8,20.9
25.1,13.2,6.7,23.8,19.9,21,11.3,8.4,25.6,29.1,21.2,7.9,8.8,18.1,33,10.4,14.7,14.9,35.1,3.7,15.5,10.4,57.3,19.9,16.4,5.4,9.4,15.9,13.1,21.4,9.2,23.4,13.1,35.8,31.2,57.3,42.2,33.7,12.9,25,18.6,11.7,39.4,50.2,20.6,33,46.1,39.6,36.5,86.5,91.4,105,107,21.7,56.1,0,26.4,16.2,32.2,22.6,18.7,22.4,8.5,33,46.7,13.3,21.5,60,10.6,56.5,14.9,56.1,58.6,42.7,25.5,4.2,12.9,35.6,19.2,26,24.8,13.6,18.3,25.7,35,19.3,29.6,44.3,32.8,11.3,10.5,5.7,27.2,22.4,17.8,22.2,19.2,8.6,19.4,44.4,10.2,7.5,11.5,13.9,30.5,14.2,15.2,24.7,21.5,21.7,7.7,25.8,19.6,11,30.2,32.6,20.6,8.4,26.4,31.3,16.6,35.6,13.2,5.8,19.2,5.3,5.7
43.7,29.3,28.4,27.1,27.5,26.2,31.5,36.8,10.6,16,19.2,35.3,33.8,14.4,36.3,33.5,35.9,36.9,35.9,31.3,17.9,33.5,39.4,13.7,24.3,30,30.3,41.2,54.6,26.4,34.2,35,54.6,7.7,8.1,26.3,9.4,23.9,31.5,25.5,18.9,32.4,32.4,3.2,19.4,24.4,34.5,9.5,15.5,86.2,92,104.6,105.9,19.7,26.7,25.5,0,12.9,8,6.5,39.6,38.4,24.4,21.9,50.2,21.2,28.1,25.2,27.6,30.2,23.1,29.1,32.3,67.2,10,28,23.8,16.4,38.5,24.2,6.8,30.5,39.7,10.6,31.6,35.2,26,65.8,21.7,30,30.3,35.3,8.2,29.4,13.6,24.3,22.3,23.6,39.5,41,37.4,37.2,31.9,35.3,15.5,33.9,27.8,28.5,19.5,26.7,37.5,44.4,39.7,21.1,4,21.5,33.2,43.2,9,27.8,26.1,29.1,30.3,28.9,21.8,39.3,36
32.6,21.9,18.9,40.5,27.8,23.8,21.3,24.2,12,260,9.6,13.2,15.3,24,44.7,22.9,46.8,26.9,46.6,16,5.6,22.9,46.5,14.2,25.3,14.6,16.5,25,24.9,21.9,23.7,35.1,24.9,10,14,19.4,13.8,11.9,31.5,34.2,23.9,41.5,39.4,18.8,28.3,36.4,43.4,52.7,46.8,92.3,96.4,108.3,109.6,10.1,39.2,12.6,13.9,0,22.3,9.4,30.3,28.6,15,26.1,51.9,15.3,22.2,37.7,20.6,45.8,16.6,44.2,47.9,49.5,19.6,13.4,4.2,19.1,34.5,21,9.8,21.3,29.9,15.4,24.9,28.8,25.8,45.8,25.9,21.1,17.8,10.9,17.9,24.3,5.4,22.9,5.7,10.3,30.6,34.3,24.9,22.7,21.8,25.7,16.8,25.8,19,25.4,10.1,22.2,23,33.3,30.8,3.2,20,25.7,26.2,30.2,17.2,37.9,17.3,40.7,21.4,10.9,6.2,16,10.4
41.6,27.2,46.6,24.7,25.4,24.1,29.9,35.1,14,22.5,22.5,32.9,34.2,15.9,34.6,32.2,41,54.4,34.2,29.2,20.9,32.2,41.4,14,22.3,37.6,35.9,44.1,52.9,24.6,51.6,32.9,52.9,45,40.4,66.1,38.7,59.6,11.4,18.7,19.5,0.5,4.1,36.9,17,21,23.9,24.5,30.3,99.5,95.5,107.9,109.1,23,30.4,33.7,7.9,21.2,0,12.7,40.2,32,28.6,18.9,45.4,22.1,25,27.3,25.6,32.7,21.1,31.8,34.8,68.4,8.2,32.3,26.5,19.7,36.5,27.6,10.1,28.6,37.7,14,34.8,33.1,24.3,67,18.7,28,29.2,33.3,6.5,27.6,17.1,21.5,24.1,25.4,39.6,42.7,37.3,34.7,32,32.1,17.2,30.8,24.6,25.3,22.8,24.9,35,42.3,39.8,22.9,0.85,18.5,31.1,39.2,7.2,29.4,20.9,31.3,28.2,35.2,23.6,38.9,33.3
32.6,19.3,18.5,23.7,21.5,20.9,22.6,24.1,12.1,11.2,18.3,19.5,21.4,57.2,40.4,20,33.9,26,42.5,31.8,7.7,20,46.1,4.7,18,22.3,20.4,31.2,23.5,20.5,23.3,26.3,23.5,43.2,38.6,64.3,36.9,46.1,48,21.3,21.2,16.7,23.9,34.1,24.4,28,21.4,17.6,20.1,96.4,98,110,111,18.8,32.8,21.4,6.5,8.8,12.8,0,32.9,28.8,17.9,18.7,54.8,14.7,21.6,34.6,16.6,48.1,12.5,47.7,43.4,54.8,9.9,18.8,14.2,16.9,29.9,23.4,7.2,20,29.5,11.1,30.7,26.5,26,53.4,18.5,18.6,20.6,19.7,9.1,23.7,4.4,23.1,14.5,14,31.5,40.1,27.8,24.1,23.5,25.9,15.9,29,19.2,25.6,18.6,20.8,24.6,33.3,31.7,12,10.8,18.3,28.2,26.9,6.6,28.8,16,30,18.9,19.9,15,24.8,19.2
2.7,12.5,16.6,14.9,10.1,11.7,11.2,13.8,46.4,30.5,40.9,28.6,30.2,27.7,13.8,10,0.7,10.6,18.9,21.4,29,10,74.8,26.5,12.9,27,29.4,35,6.7,11.3,11.7,5.8,6.7,5.9,9.9,18.4,14.4,6.8,46.1,32,28.3,40.7,37,20.9,25.9,34,41,30.9,34.3,80.9,78.7,90.7,92.1,41.4,72.6,22,37.5,33.7,38.3,31,0,6.4,13.8,25.8,29.7,17.4,9.7,76.5,13.4,73.1,21.7,72.6,75.2,62.1,31.6,22.8,31.1,49.3,3,44.2,42.3,11.4,4.3,43.3,51.5,3.7,15,60.7,25.6,12.1,13.3,26.1,33.3,8.4,35.4,13.8,33.6,18.8,1.6,60.9,12.2,13.9,11.9,6.1,49.2,6.5,11.6,14.6,41.2,11.6,14.4,3.4,1.8,28.6,36.3,25.4,5.6,17.5,32.6,20.1,13.5,23.2,12.2,26.1,34.1,31.1,23.4
8.4,12.9,18.4,10.9,9.1,8.9,13,15.8,45.6,32.4,38,25,26.8,88.9,14,11,6,13.1,15.6,28.7,27.7,11,89.3,28.7,10.3,26.5,25.9,33.7,10.4,7.5,15.5,2.3,10.4,16.5,8.7,16.2,23.1,4.3,6.8,34,34.6,35.8,34.3,32.7,34.4,40.4,49.6,12.9,20.3,93.4,81.5,93.6,94.9,38.5,71.5,23.7,34.2,30.9,34,27.7,6.1,0,17.1,21.1,28.3,14.2,6.6,75.3,13.5,71.9,17.1,71.4,74,63.8,27.2,25.3,29.2,50.9,3.7,45.8,40.8,10.3,7.6,44.9,50.3,2.7,9.7,62.3,20.9,11,11.6,27.8,26,5.3,36.9,9.9,32.2,22.1,5.1,62.6,15.5,16.8,13.9,9.3,48,9.8,8.3,9.3,38.3,7.2,17.3,9.1,5.3,29.5,32.4,20.7,0.7,21.2,25.1,15,12.6,17.3,13,27.6,32.7,31.4,27.9
17,4.8,1.7,24,14.9,15.4,4.1,3.5,29.7,15.6,23.7,11.9,13.1,33.5,27.5,5.2,14.9,9.4,29.6,7.8,14.1,5.2,60,15.1,12.7,12.9,12.7,20.1,7.6,16.7,5.1,15.7,7.6,21.7,15.7,38.2,12.9,28.6,18.2,10.4,42,19.4,18.9,26.8,7.7,14.1,22.9,10.5,16.6,17.6,84,96.4,97.6,24.2,57.8,7,26.4,18.9,26.8,19.6,14.6,15.3,0,26.4,39.3,8.7,14.4,54.4,6.3,59.5,11.8,59.1,61.6,48.6,21.7,9.5,17.5,35.8,15.1,30.7,28.8,6.1,13.8,29.8,38,15.2,23.3,47.2,26.2,5.5,2.8,12.6,23.4,14,21.8,17.6,19.3,6.7,13.7,46.6,6.7,6,4.6,9.4,34.9,9.7,10.2,20.6,24,17,6.4,17.7,13.9,14.2,25.3,26,14.6,10.3,21.3,25.4,12.2,27.4,8,11.2,19.8,12.2,10.8
31.4,18.2,23.2,11.8,16.8,12.8,24.7,30.5,28.3,24.8,34.7,35.6,36.4,34.6,36.2,22.5,26.2,32.3,18.1,26.3,23.1,22.5,71.8,15.5,15.1,34.6,37.3,55.2,28.7,15.9,28.8,18.1,10.1,16.8,15,20.4,29.6,16.5,35.7,28.5,28.9,37.5,31.9,30.1,46.7,48.2,51.3,45.4,34.5,36.5,74.1,86.4,87.6,35.2,30.2,28.2,22.7,28.8,16.9,17,26.6,21.5,25.6,0,28.1,15.2,13.9,39,20.5,69.9,16.2,41,74.1,69.6,10.3,29,27.6,34.1,27.1,41,24.4,20.8,28.2,28.3,48.3,21.5,11.4,68.1,0.2,21.6,24,36.2,12,16.6,25.6,11.5,62.6,27.7,14.7,57.8,30.7,30.5,25,27.9,33.1,28.3,17.5,11.8,35,16.2,30.8,32.1,14.6,25.5,15.3,0.2,22.1,34.3,11.1,9.9,12.8,13.8,20.5,30.2,30.9,36.1,30.9
36.1,32.8,39,26.6,29.4,27.8,34.4,40.9,66.2,73.2,62.9,48.4,46.8,49,16,32.3,33.3,41.9,14.4,51.3,51.4,73.5,101,48.9,36.1,54.4,47,67,42.6,27.4,43.3,31.4,38.8,28.4,31.4,11.9,40.2,23.8,67.7,72.2,52.5,56.2,23,22.9,37.4,35.6,27.6,35.2,37.6,37.1,50.1,63,64.6,63.4,95.6,44.9,50.7,56.6,45,53.9,29.7,30,39.1,28.5,0,40.4,28.2,67,37.5,96,43.9,95.5,98.1,85,39.2,48,51,76.6,26.7,67.1,51.8,34.3,35.2,66.2,74.4,32.2,23.1,83.6,28.7,35,36.2,49,37.8,30.5,58.3,29.1,56.5,44,28.1,83.8,40.4,40.8,35.4,36.7,72.1,37.1,35.1,25.8,63.2,27.7,41,36.8,28.3,51.5,43.3,28.9,30.7,60.2,39.2,20,31.5,22.1,35.1,48.4,57,54,48.5
15.1,6.5,7.6,12.8,8.6,3.2,12.4,17.8,33.5,15.7,28.4,19.2,17.7,16.3,14.5,11.3,10.8,27.5,24,10.4,13.9,32,61,8.3,5.1,16.3,18.8,28.9,11.6,2.9,14,13.4,23.5,9.2,4.6,25.9,14.8,12.1,23.3,22.2,22.8,22.2,30.8,23.1,16.2,20.7,28.5,19.2,22.9,24.6,80.5,93.4,94.6,28.9,11,13.3,24.1,15.3,22.1,14.7,17.4,17.5,8.7,15.6,37.4,0,10.1,46.8,3.1,62.9,4.7,51.1,63.3,51.1,12,12.2,21.3,19.1,5.8,31.5,23.3,7.7,12.5,28.1,35.5,12.8,12.9,51.3,15.4,9.2,8,15.1,16.6,52.2,8.7,9.6,19.1,5.7,12.2,47.2,15.4,17.8,12.9,11,26,19.1,5.8,12.8,28.7,3.2,18.1,15.8,12.4,12.8,17.9,15.2,13.4,18.9,15.9,13,4.6,15.6,6.4,16.1,19.1,17.8,16.3
12.6,16.35,11.2,6.8,1.9,1.7,8.7,16.4,35.9,32.8,33.2,21.6,23.6,24.7,23.7,10.2,15.2,26.6,15.9,19.3,21.4,43.8,68.6,15.9,4.8,24.7,22.4,38.2,12.1,4,14.6,5,15.4,1.3,5.7,17.7,16.1,5.1,30.8,32.1,25.9,33.6,38.4,30.7,25.5,32,41.2,31.3,32.4,34.6,72,85.2,86.5,33.7,18.2,21.4,27.9,22.8,26.2,23,9.7,9.7,15.8,16,26.3,8.9,0,51.7,10.2,67.3,14.1,66.1,70.9,60.3,21.3,22.6,24.4,26.6,4.4,43,35.7,8.6,10.7,35.7,43,10.4,6.9,60.5,15.8,10.3,60.5,10.7,19.7,10,1.5,5.9,59.4,14.6,7.2,54.8,16,18.3,9.4,11.4,59.4,10.5,4.6,6.8,33.5,4.3,18,13.3,7.4,26.2,22.8,15.6,5,20.2,18.9,11.5,5.7,14.6,7.5,25.3,26.7,27.6,24.7
64.8,52.1,61.3,50,50.3,47.3,53.1,67.2,28.3,37.7,38.5,50.1,52.8,52.2,50.3,48.2,37.8,30.5,57.2,48,41.1,26.5,13.7,40.3,40.3,52.2,53.6,57.8,57.3,47.1,57,58.7,57.7,55.9,65.3,59.1,58.5,54.7,39.3,47.7,46.9,36.1,27.2,29.5,50.5,59.9,62.2,64.7,65,50.8,108,120,121,39,37,59.5,26.2,41.9,26.1,34.3,65.5,74.9,61.7,38.4,71.8,47.2,57.9,0,63.6,48.6,45.1,5.5,11.4,81.3,57.9,53.2,45.4,24.5,57.4,39,27,53.3,67.5,28.3,37.3,66.2,50.5,81.5,38.6,54.8,65.8,50.9,31.1,63.5,53.6,47.9,40.9,48.4,76,46.3,58.4,58.4,53.9,56.6,10.9,67.7,65.4,50,38.8,47.4,59.3,65.5,76.2,38.3,29.1,38.8,74.1,71.4,31.8,44.6,65.3,47.3,52,51.9,10.9,53.9,40.9
18.1,3.6,4.4,14.5,10.2,10.5,6.4,11.9,30,18.4,25,13.5,15.2,15.5,13.7,7.2,13.6,29.1,27.7,10.2,14.6,23.9,64.5,11.8,7.5,15.5,14.4,28.1,8.8,11,10.8,12.8,25.2,8.9,7,29.5,12,13.9,26.7,22,17.5,27.8,34.3,25.9,15.2,20.1,31.2,21.2,20.2,23.5,82,94.5,95.8,25.5,14.7,10.6,26.6,17.8,25.5,16.2,13.4,13.5,5.7,19.2,41.4,4.8,9.4,63.4,0,64.4,5.7,60.1,64.9,50.3,11,12.4,16,22.5,8.9,33,28.4,4.8,9.9,30.8,37,10.2,14.1,50.5,19,6.3,4.9,14,20,15,9.7,11.9,22.6,6,20,48.8,12,12.1,6.9,8.1,29.4,15,5.2,15.3,25.3,11.3,12.5,18.8,20.2,21.3,21.3,18.8,12.7,16.4,19.3,22.4,7,24.9,3.5,15,22.6,14.3,15.5
79,68.8,58.4,74.2,65.2,69.7,66.5,68.9,34.1,46.6,37.3,51.1,53.4,48.6,48.1,64,43.5,66,88.9,59,51.6,48,3.7,48,65.6,51.7,54.7,57.1,66.7,65.6,65.7,74.6,89.6,69.6,64.9,59.4,65.5,62.7,39.5,49.9,44.8,39.7,28.9,40.3,58,60.2,64.9,58.7,60.8,51.9,129,141,142,37.8,8.9,60.2,32.2,48.4,32.7,45.8,75,75,60.7,69.9,102,61.3,69.8,11.3,62.1,0,59.2,5.8,0.14,63.8,56.9,58,43.3,27.9,69.3,38,35.1,66.4,69.3,31.7,36.3,69.6,76.2,67.8,69.7,67.7,65.1,49.9,39.6,75.4,68.4,74.7,44.8,58.1,73.2,48.7,71.8,66.1,67.4,72.7,11.9,79.5,67.2,78,37.6,65.9,66.6,79.7,73.4,49.5,35.8,69.5,74.7,72.5,40.3,83.8,65.5,85.4,69.2,53.6,11.9,55.7,52.4
20.6,8.9,8.6,16.5,12.7,11.4,8.1,13.9,26.4,22.9,21.5,11.2,13.4,15.4,12.4,6.5,9.8,17.4,33.5,11.3,9.6,9.4,41.9,15.4,24.8,12.4,12.4,21.6,27.3,11.7,14.3,31.6,28.2,14.2,9.6,35.3,15.7,17.2,20.9,19.9,15.9,22,31.5,32.1,17.8,27.9,34.9,20.9,23.8,25,84.4,96.4,97.4,22,57.6,14.4,21.8,12.5,19.8,9.9,20.4,22.2,9.4,18.4,40.3,7.5,14.6,44.5,5.4,57.4,0,56.2,61,54.1,10.9,11,14.4,16.7,21.3,29.1,20.2,10.6,15.7,25.8,33.1,67.4,20.2,54.3,18.2,12.7,13.1,14.1,12.8,21.5,13.4,14.2,14.8,6.2,18.7,42.7,19.6,13.8,8.8,14.6,42,21.3,11.5,18.2,21.8,12,14.3,21.3,18.9,14.2,17.9,18,18.1,20.3,13.3,21.2,8.3,24.8,9.1,17.7,15.9,19.9,16.5
74.7,61,57.8,73.1,65,51.8,61.5,62.4,29.1,36.1,36.9,46.8,47.9,47.4,46.9,60,39.9,65.1,84.6,48.6,41.8,24.3,15.1,39.5,53.8,47.4,48.6,64.4,61.5,65.1,62.3,83.1,83.1,66.4,65,87.6,62.2,69.4,35.8,44.7,44.3,36,38.8,38.1,47.8,54.2,58.9,49.6,56,45.2,115,128,129,37.4,59.4,56.2,28.1,39.5,30.7,41.7,72.8,74.5,58.4,42.7,99.5,51.8,67.5,5.5,52.7,7.4,49.7,0,6.9,57.8,54.6,55.7,42.8,21.6,73.7,35.7,26.7,64.1,67.1,25.3,34,69.2,73.9,65.5,42.5,65.5,62.8,47.6,35.7,73.2,66.1,69.7,42,53.1,72.7,43.7,66.9,61.1,62.3,67.8,7.6,74.5,62.2,73,21.8,65.4,61.6,75.4,72.9,44.5,29.9,42.3,66.5,67.5,34.5,78.7,60.5,80.7,64.2,48.6,7.6,50.8,47.4
79.5,43.2,60.4,75.1,69.8,69.5,65.7,65.4,33.9,42.2,41.6,51.6,49.7,52.2,51.7,66,44.9,69.9,89.6,53.3,52.6,27.7,9.2,47.3,58.4,52.2,52.1,69.1,66.2,69.9,64.3,85.1,85.1,68.4,63.8,89.6,64.2,71.4,37.8,46.5,49.1,37.8,57,58.3,49.7,56.1,60.8,51.4,57.9,49.4,129,141,142,42.1,59.2,58,31.8,48,34.2,45.4,74.6,76.5,60.3,56.4,101,60.8,69.4,10.9,61.7,1,57.6,5.4,0,58.8,56.5,57.6,47.6,25.2,75.5,37.6,34.7,66,68.9,31.3,35.9,58.4,75.8,67.4,56.2,67.3,64.7,49.5,39.2,75,68,71.8,41.9,55.2,77.5,45.8,69,65.8,66.9,69.9,11.5,76.6,64.3,75.1,41.9,70.2,66.1,80.2,77.7,46.6,35.4,56,71.9,69.6,39.9,83.5,62.6,84.9,66.3,50.7,11.5,52.9,49.5
64.7,53.7,47.3,69.9,59.8,64.6,51,53.9,53.6,43.7,43.8,37.3,39.1,37.9,37.4,50,56.9,55.3,74.8,47.7,48.1,55.9,83.9,52.2,55.1,37.9,38.4,13.6,51.7,61.7,53.4,74.3,74.3,62.2,56.2,78.7,50.2,71.2,49.1,43.6,41.7,56.2,23,22.9,37.4,35.6,27.6,35.2,37.6,37.1,130,142,143,44.3,19.4,44.8,68.9,47.8,70,57,63.8,65.5,49.4,69.7,83.6,54,63.2,83.7,52.7,70.4,53,69.3,5.4,0,45.7,46.7,43.2,56.9,46.5,44,60.3,55.1,58.1,57.3,33.6,15.4,71.7,8.5,69.5,56.5,53.8,39.3,64.5,64.2,60.3,61.1,43.5,44.5,62.9,25.5,58.2,51,51.6,59.2,57.2,48.7,60,69.9,44.1,62,51.4,65.4,63.1,46,65.2,69.3,62.7,58.9,61.9,69.9,55.6,71.5,55.6,40.1,72.1,41.3,39
34.3,9.6,6,23.4,19.7,15.5,21.6,28.2,18.4,15.5,32.1,25.7,27,8,7.5,24.2,12.1,29.3,28.5,16.2,15.4,20.6,52.4,9.2,16.3,26.1,26.4,46.8,25.6,17.4,7.5,32.2,31.9,17.2,13.6,36.3,7.6,21.2,23.9,14.5,20.7,24.2,19,18.8,10.3,13.6,27,12.2,12.3,20.3,84.7,97.2,98.9,32.6,20.7,5.7,32.3,13.8,30.3,17.1,21.4,23.1,6.1,10.4,48.2,11.4,18.8,55,9.4,57.1,10.4,55.9,74,46.1,0,3.1,19.2,25.9,23.1,28.8,26.6,12.3,15.1,26.6,32.8,19.3,22.7,46.3,10.2,14.7,9.5,8.9,25.5,22.1,18.2,20.9,15,4.3,18.9,42.8,11.4,27.5,22.1,15.5,23.7,19.5,15.6,23.4,32.4,17.7,27.8,35,19.1,12.3,27,10,21.2,17.2,23.7,20.3,15.3,23.4,13.8,9.1,15,12.1,8
24.8,16.8,6.8,31.8,17.9,20.7,13.5,14.2,23.4,22.1,15.6,2.6,3.9,7.6,8.2,11,11.8,18.2,37.9,4.7,11.3,29.3,54.1,23.4,17.8,3.7,4.6,11.7,16,21.2,12.8,35.7,22.3,23.3,17.2,39.8,10.5,35,15.7,7.8,7.7,16.8,16.1,11,5.2,9.1,20.4,6.9,10.8,12.8,91.8,103.2,104.4,16.1,19.9,4.8,27.8,9.8,33,19,24.8,26.6,10.2,32.5,51.6,14.4,23.4,55,13.5,52.8,13.5,51.6,60.7,39.5,46.1,0,9.2,12.1,23.4,22,22.5,16.1,19,22.5,28.4,30.4,26.2,41.9,32.3,17.4,13.9,3.4,27.3,25.2,21.2,21.4,12,5.5,25.3,37.7,13.8,14.4,14.2,17.9,10.1,13.7,17.6,25.5,16.1,21.5,14.6,25.3,25.5,9.1,28.8,32.1,24.6,13.9,24.7,33.1,16.2,35.3,15.9,4.5,11.4,7.6,3.4
30.6,24,16.1,27.6,28.9,23.6,16.2,19.4,16.4,3.9,6.2,6.7,8.4,7.1,7.2,14.5,32.3,24.7,40.7,10.4,5.3,19.4,45.7,10.7,20.2,7.1,8.9,28.2,21,24,21.1,27.7,44.5,27.5,19.5,50.5,18.8,24.1,8.1,2.6,1.5,10,21.7,11.5,12.5,15,21.3,25.9,16.8,12.1,96,108.2,109.5,6.7,18.1,12.6,22.2,6.8,26.1,14.2,31.9,30.7,17.9,28.3,52.2,21.1,24.7,46.1,16.7,43.7,16.7,43.3,48,42.6,18.4,9.2,0,22.4,21.2,14.9,15.5,23,31.9,16.4,22.2,29.8,32.4,41.2,28.1,23.8,19.5,7.2,20,29,10.3,28.7,2.7,11.7,32.2,31.6,22.8,14.7,16.7,23.9,17.9,31,23.4,31.9,6.8,24.3,14.9,31.3,25.3,5.4,23.1,28.3,30,19.4,19.3,37.5,19.5,39,23.8,6.5,3,11.7,7.2
40.7,11,37.8,29.2,25.5,30.3,30,42.1,17.4,18.5,12.6,23.3,25.1,27.1,26.6,25.2,25.8,42.8,65.4,23.8,23.5,3.1,33,23.2,42.1,28.2,24.4,57.6,39.2,45.9,25.8,49.7,49.5,28.9,24.3,51.4,24.4,31.9,4.2,7.3,25.1,5.3,41.2,41,12.9,20.4,24.9,14.7,22.1,13.5,117,129,130.3,13.1,25.8,17,21.6,7.4,25.2,16.8,38.9,36.9,20.9,50.2,57.1,21.3,29.2,38.6,22.2,40.6,19.1,39.4,56.4,44,6.7,5.8,23.6,0,36.7,9.4,15.1,27.2,30.1,14.5,16.2,6.4,36.8,45.1,50,28.5,25.9,12,25.8,36.2,29,26.6,0.5,17,53.5,31.5,28.6,40.7,30.6,29.6,28,34.9,22.8,29.1,12.9,46.2,41,41.4,53.7,5,24.3,49.8,30.3,26.1,20.9,58.4,21.1,60.1,25.2,11.6,1.6,14.7,9.9
4.8,16.89,9.5,13.4,6.1,10.8,11.1,15.2,43.6,33.4,36.2,27.3,29.5,20.4,19.9,9.2,18.5,9.8,9.8,22.2,30,45.4,76.6,25.1,13.3,28.7,30.4,38.7,7.5,10.8,11.1,16.5,10.9,9.1,13.1,15.5,14.8,8.7,45.2,35.4,19.3,49.2,18.7,13.6,30,36,44.5,34.5,29,41.5,77.9,89.9,91.2,36.7,28.3,19.3,37.3,31.3,35.2,31.1,2.6,2.2,17.9,25.2,30.6,14.5,9.1,65.4,15.3,75.3,19,74.1,44.2,64.3,18.1,21.8,20.8,36.4,0,40.1,36.2,5.7,6.7,38,43.8,38.8,14.6,57.6,25,6.2,7.7,21.4,24.9,12.1,8.3,7,41.9,6.2,2.7,42.7,19.5,5.7,11.7,14.5,41.9,21.2,11.4,18.1,36.5,11.1,6,5.5,2.9,24.7,30.1,24.8,3.9,20.9,26.8,17.3,8.2,19.8,5.9,21.5,27.5,23.6,20.4
46.2,15.9,28.7,41.6,37.9,36,32.4,35.3,15.3,19.4,6.2,18.2,20.2,19.4,18.5,31,28,38,57.5,21.4,20.7,13.6,44.1,24.7,34.2,20.8,21.1,28,34.4,34.8,32.9,54,54,37.3,32.7,58.5,31,40.3,5.2,15.4,15.8,8.8,32.4,30.4,18.5,23.4,22.4,20.3,25.4,11,111,124,125,6.7,14.9,24.8,24.2,16.9,37.1,27.2,43.5,45.2,29.2,40.9,63.4,29.7,38.3,39,30.6,36.9,27.6,35.7,78.9,41.5,20,22.6,14.3,15.4,45.1,0,22.7,35.6,38.5,15.8,7.8,36.9,41.7,41.7,40.7,36.9,34.3,19,34.3,44.6,37.6,39,9.9,25.1,45.6,19.6,39.4,32.5,33,40.6,28.7,30.2,35.2,41.5,6.5,35.1,32,46.9,45.8,17.8,26.1,40.5,44.3,40.5,30.3,51.5,33.5,53.3,37.1,21.5,25.4,23.7,20.3
45.5,9.8,27.5,16.5,25.8,28.9,32.1,34.5,3.7,7,12.4,23,25.2,26.8,26.8,31,16,35.8,53.3,15,14.2,7.8,41.2,13.4,27.7,23.7,24.4,44.6,32.2,29.3,32.1,56.8,10.9,35.8,31.2,57.3,42.2,33.7,12.9,25,18.6,11.7,39.4,50.2,20.6,33,46.1,30.2,35.1,26.4,112,126,127,12.9,16.5,24.7,6.8,13.5,9.6,9.1,42.3,43.8,33.1,23.6,62.2,23,36.7,28.7,29.1,33.6,20.9,28.1,40.2,59.3,25.4,26.4,17.1,9.2,41,17.7,0,31.9,36.6,3.9,21.7,6.9,29.5,60.7,23.4,29.2,29.6,23.6,10.5,38,28.8,26.1,15.6,23.2,43.4,34.2,37.6,28.3,32.8,38.6,20.8,44,31.9,38.2,12.7,29.6,28,46.2,43.4,18,11.6,23.2,38.4,47.8,13.1,45.3,27,47.3,31.1,24.9,20.8,29.7,23.7
15.2,1.8,6,15.2,10.3,11.6,2.3,9.2,37.1,30.5,26.2,19.3,17.5,17.3,17,5.2,17.6,29.3,24.5,15.4,20,41.1,65.9,14.1,8.2,18,18.6,26.1,5.4,12,7.3,22.2,21.9,7.7,8.1,26.3,9.4,23.9,31.5,25.5,18.9,32.4,32.4,3.2,19.4,24.4,34.5,21.1,23.7,26.9,80.2,92.5,93.4,26.7,23.9,13.6,30.5,21.3,28.5,17.8,11.4,12.8,7.4,21.7,38.1,6.1,8.1,53.2,5,64.6,8.4,57.5,37.2,53.6,23.8,25.3,20.4,25.4,12.3,36.3,34.1,0,6.6,34.1,40.3,0.8,15.5,53.8,21.5,3,3.4,17.6,23,11.8,10,13.4,23.7,9.5,13.1,53.7,9.5,9,2.9,6.1,56.5,12.9,5.9,16.2,26.5,12.3,8.8,15.9,13.3,20.5,24.5,21.3,9.6,14.9,21.2,19.2,8.6,22.7,1.1,17.3,23.2,17.6,16.2
6.9,11.1,15.3,16.1,12.6,13.5,6.9,8.2,37.7,33.5,33.4,19.9,18.1,20.5,20,5,24,36.6,36.6,21.2,28.9,43.6,74.8,28.6,14,25.4,17.4,37.7,6.4,13.4,10.8,15,15,10,14,19.4,13.8,11.9,31.5,34.2,23.9,41.5,39.4,18.8,28.3,36.4,43.4,33.4,30.9,40.5,80.5,92.7,94.5,33.9,12.9,18.3,44.3,30.2,42.3,31.7,4.4,6.2,15.9,28.4,30.5,13.5,9.9,68.4,14.3,73.5,18,72.3,68.2,62.5,13.3,12.9,25.4,35.1,5.3,44.9,42.8,1.6,0,42.7,48.9,41.4,19.8,62.4,28.2,6.7,10.5,22.9,32.2,12.7,11.2,16.9,31.1,15.4,5.4,55.2,8.8,10.2,7.6,2.6,60,6.9,10.1,16,33.7,13.7,9.9,7.6,5.6,24.7,31.2,28,5.7,14.9,27.8,21.9,12.4,24.2,7.5,21.5,31.1,25.4,20.4
54.8,10.7,28.4,38.2,34.1,35.2,33.2,42.5,0.12,6.2,11.9,23.8,21.6,27.5,23.2,30,19.9,36.8,63.5,17.8,17,2.7,47.4,18.5,31.8,24.7,22.4,43.2,33.2,35.7,40.6,61.7,61.7,45,40.4,66.1,38.7,59.6,11.4,18.7,19.5,0.5,4.1,36.9,17,21,23.9,18.1,22.1,15.4,113,124.1,126,12.4,34.2,20.9,6.6,9.6,8.4,16.1,51.2,52.9,36.8,30.5,71,32.6,50.6,28.6,33.5,30.3,30.6,27.3,77.1,56.4,23.4,18.6,18,4.1,52.1,14,5.7,9.2,41,0,17.4,47,48.7,56.6,30.3,43.9,41.3,26,17.9,51.6,44.5,40.4,12.8,30.5,44.4,29.3,45.2,41.1,33.9,46.1,17.7,52.8,40.5,46.9,12.2,36,40.8,55.5,44.6,16.4,14.2,30.1,43.2,45.8,18.8,49.3,31.2,52.4,35.3,24.3,17.7,29.1,22.6
51.6,26,36.7,45.6,41.9,41.6,38.4,40.8,19.2,24.8,13.6,23.7,21.5,24.3,23.8,36,33.4,42,61.5,25.4,24.7,17.6,42.4,28.8,38.2,24.3,24.6,21,38.4,42,38.8,59.9,59.9,43.2,38.6,64.3,36.9,46.1,48,21.3,21.2,16.7,23.9,34.1,24.4,28,21.4,26.2,32.6,16.7,115,127,128,14.1,22.3,30.6,29.3,22.7,32.7,33.1,49.3,51.1,35,46.3,69.2,35.6,44.1,44.2,36.4,42.1,33.5,40.9,34.2,24.6,33.1,34,19.7,18.4,50.3,8,27.6,42.5,43.6,19.4,0,4,46.9,32.4,46.1,42,39.4,24.2,39.5,49.8,42.7,47.1,19.4,29.6,49.6,11.6,43.9,35.6,39,47.8,26.8,51.9,41.5,55.9,13.9,42.3,35.3,52.3,49.8,21.9,41.1,45.9,48.7,44.9,37.8,56.8,37.9,58.2,41.6,26,26.8,28.1,24.8
5.7,10.5,12.5,14.8,11.2,6.8,9.5,13.9,42,33.7,35.5,24.2,26.5,20.7,20.2,7.1,6.3,32.6,32.6,22.2,26.5,47.6,72.4,19.8,10.1,24.5,27.4,35.3,7,7.6,11.5,13.9,13.9,5.9,9.9,18.4,14.4,6.8,46.1,32,28.3,40.7,37,20.9,25.9,34,41,31,34.5,38.1,78.8,90.1,92.1,36,18.3,18.9,34.1,27.8,32,23.6,3.4,4,14.7,20.5,35.1,12,5.9,62.2,13.3,71.1,17,69.9,45.4,60.1,31.2,32.2,29.8,32.9,4.3,42.8,40.6,40.7,5.3,40.6,0.29,0,11.1,60.3,20.3,7.4,10.4,23.6,34.7,8.7,6.6,9.4,31.7,19.1,3.7,59.6,12.5,14,10.2,6.3,64.4,5,8,10.7,35.8,7.9,14.3,6.4,3.9,29.1,34.4,20.1,0.8,18.6,24.8,20.2,10.1,22.7,32,25.3,34.9,29.1,27.9
16.5,16.2,16.1,0.5,5,5,15.6,25.5,45.3,26.5,40.2,33.1,35.4,33.7,33.2,12.3,17.5,25,14.1,24.2,23.4,52.7,70.1,23.5,8.1,33.7,34.4,24.5,24.5,4.6,22.4,14,16.6,16.5,8.7,16.2,23.1,4.3,6.8,34,34.6,35.8,34.3,32.7,34.4,40.4,49.6,39.6,36.5,43.3,70.8,90.2,91.3,40.7,18.3,18.3,26.8,25.1,25.1,22.8,14.5,11,22,11.4,22.4,11.9,7.3,49.9,15,73.9,16.9,72.7,74.7,68.3,21,19.4,33.1,29.6,13.8,42,30.8,8.3,20,38.6,46.8,17.9,0,68.5,11.2,18.9,22.7,32.6,18.6,16.3,5.3,5.2,42.6,19.6,13.7,58.5,25,25.5,16.3,17.4,66.9,11.9,9.5,0.5,40.5,4.3,25.2,17.2,13.9,27.1,23.2,11,11,34.1,17.1,5.5,8.9,7.1,15.2,34.7,30.5,36.8,33.6
65.2,50.7,45.9,69,62.2,63.2,51.9,54.3,58.1,50.2,45.9,37.5,39.4,38.1,37.6,49.2,57.1,37.1,36.4,5.6,8.7,28,52.7,13.5,16.2,5.7,38.1,14.7,14.5,63.1,12.9,34.1,33.8,21.7,15.7,38.2,12.9,28.6,18.2,10.4,42,19.4,18.9,26.8,7.7,14.1,22.9,9.5,15.5,16.2,129,141,142,46.4,18.4,7.3,31.3,9.7,29.3,14.5,20.9,22.6,6.5,70,47.7,11.1,18.2,55.1,8.8,53,8.9,51.8,77.5,42,23.8,22,43.5,14.6,21.8,24.7,22.5,16.5,15.2,22.5,46,15.5,21.6,0,69.8,13.6,10.9,5.9,24.4,21.3,17.4,21.9,12.2,5,63.2,40.1,16.7,51.5,52.5,19.9,21,52.3,29.5,69,46.2,63.4,51.2,65.9,63.4,9.5,27.7,69.6,37.7,36,37.9,70.3,33.9,73.2,34,24.4,44.2,25.6,23.7
31.6,18,23,11.6,11.6,12.6,24.5,31,28.5,24.6,34.5,35.4,37.5,34.4,36,22.7,26,32.1,18.3,26.1,22.9,47.3,71.6,15.3,14.9,34.4,37.1,55,28.5,15.7,28.6,17.9,9.9,16.8,15,20.4,29.6,16.5,35.7,28.5,28.9,37.5,31.9,30.1,46.7,48.2,51.3,52.7,46.8,38.1,74.1,86.3,87.8,35.2,30,28,22.5,28.6,17.1,16.8,26.4,21.3,25.4,0.2,28.3,15,13.7,39.2,20.3,69.7,16,40.9,73.9,69.4,10.1,28.8,27.4,33.9,26.9,40.8,24.6,20.6,28,28.5,48.1,21.7,11.2,67.9,0,21.4,23.8,36,12.2,16.4,25.4,11.3,62.4,27.5,14.5,57.6,30.5,30.3,25.3,27.7,33.3,28.1,17.3,11.6,34.8,16,30.6,31.9,14.4,25.3,15.6,0.2,22.3,34.1,10.9,9.9,12.6,11.4,20.3,30,30.7,35.9,30.7
9.4,16.38,6.2,18.1,12.3,13.3,3.2,9.3,36,26,29.5,18.2,16.7,18.9,18.3,5.4,19,33,33,33,33,33,33,33,33,33,17.8,33,33,13.2,7.3,17.6,17.6,9.4,11.6,22.1,10.2,20.9,33.3,27.8,18.2,34.1,32.9,20.1,21.7,27.6,36.9,24.5,30.3,29.2,79.4,91.3,92.5,30,20.2,14.7,34.2,23.6,32.2,22.3,7.1,8.8,9.1,21,39.5,9.5,9.4,69.1,8.7,66.9,12.4,65.8,56.6,55.9,2.8,3.8,19.7,28.8,8,38.6,36.5,12.2,3.6,36.5,28.7,3.9,20.2,56.2,20.8,0,4.4,19,26.7,13.2,11.8,16,26.7,12.5,7.4,53.6,8,9.4,4.7,2.3,34.5,23.4,13.1,19.2,29.8,13.5,9.1,10.1,7.6,23.1,27.6,20.6,8.3,14.1,25.3,21.4,11.4,24.3,3.9,19.9,25.9,22,18.8
13.1,23.8,3.1,20.5,13,13.4,1.5,7.9,33.1,18,26.6,15.4,17.4,15.3,15.7,2.3,18.9,9.3,26.8,9.8,16.5,40.1,62.3,15.6,10,15.3,16.7,25.2,5,34,5.8,24.5,19.8,9.3,9.8,28.6,8.4,27,30.7,21.9,19.4,29.9,27,15.3,15.8,21.4,31,17.6,20.1,23.3,82.6,95.3,96.4,27.1,18.2,10.1,31.2,17.8,29.2,19.3,13.7,14.9,3.3,24.9,40.5,7.9,9.2,63.2,5.7,61.1,9.4,59.9,70.5,50.1,15.4,15,20.9,22.9,14.2,32.8,30.6,3.7,8.9,30.6,42.7,9.3,20.8,50.3,24.7,5.4,0,14,23.7,13.7,11.8,46.8,23.5,11.1,11.1,51,7.6,7.8,2.3,6.1,55.8,70.2,9.7,19.6,26.9,34.3,7.5,13.8,11.3,17.7,27.9,24.5,11.9,12.3,24.6,24,12,26.2,4.2,14.6,22.8,14.4,15.3
25.9,15.3,12.7,26.8,23.6,23.7,15.3,13.7,23.2,9.8,13.1,2.9,3.9,1.1,0.28,14.2,27.2,19.5,39.1,9.6,11,18.8,67.9,18.3,20.4,0.8,4.5,6.8,16,23.2,13.3,26.2,39.4,25.4,16.7,46.4,13,33.3,14,24.5,5.9,22.4,27.5,18.2,5.4,7.8,18.5,21.3,10.1,11.3,93.1,106.5,107,13.6,18.5,6.6,29.1,13.6,35.6,20.5,26.1,25.6,11.8,35.5,48.5,13.4,23.8,50.5,15,48.2,17.5,47.8,50.3,37.9,27.3,4.4,7.4,28.9,21.9,19.3,22.2,17.9,26.5,23.2,25.7,25.3,26.4,36.5,35.3,18.8,14.3,0,28.2,24.3,15.3,24.3,9.6,7.4,27.2,36.1,15.5,12.8,14.7,19.6,23.5,22.7,23.2,33.1,13.4,23.5,13.4,26.6,27.4,8.5,34.6,35.1,25.6,13.6,26.4,34.5,16.4,30,16.4,1.9,9.1,5.6,0.9
36.1,21.2,20.3,18.2,17.7,17.6,24.4,29.2,16.7,18.5,24.7,27.4,25.5,28,27.4,22.4,5.8,29.4,29.4,29.4,29.4,29.4,29.4,29.4,29.4,33.4,26.7,29.4,29.4,18.1,26.5,29.7,29,19.9,16.4,30.4,27.7,21.2,28.1,24.9,22.4,19.8,11.9,10.7,31.5,37.9,42.4,33.2,39.7,31,84.7,97.3,98.8,25.2,7.1,27.1,8.2,17.9,6.5,8.6,37.6,27.1,22.3,11.2,36.9,17.3,20.4,30.9,18.3,38.3,15.2,35.2,52.9,61.5,8,7.6,20.9,24,36.3,30.1,13.2,17.5,27.6,17.2,25,28,17,60.8,11,24.9,25.3,26.9,0,33.7,19.2,16.3,22.7,20.2,28.4,50.3,32,29.2,25,26.9,32.7,33.6,19.5,17.3,25,18.4,29.5,36.8,28.6,20.2,3.7,10.8,24.7,33.4,0.7,20.5,17.3,18.1,21,29.2,31.5,32.7,27.8
10.3,19,22.5,17.1,11.7,4.3,8.4,17.1,42.4,39.5,37.2,24.6,26.2,26.5,26,11.6,25.1,24.8,12.7,29.8,22.7,46.9,77.5,22,6.3,25.1,25.4,46.7,12.6,4.3,22.7,12.9,23.7,12.9,13.3,14.5,24.8,8,42.2,39.3,27.2,39.3,45.9,31.9,34.8,40.7,49.9,39.9,43.4,47,78.4,90.3,91.5,37.7,24.7,31.4,32.8,36.8,31.1,35.9,18.8,20.1,23.6,18.6,19.4,16.4,11.8,53.4,19.5,80,21.4,78.8,39.7,69,24.4,24,25.7,26.5,19.7,51.7,49.5,22.6,20.7,49.5,37.1,19.5,26.8,69.2,18.4,21.5,23,33,25.9,0,10.5,12.6,66.2,21.5,8,61.4,17.9,15.3,9.2,14.2,66.2,13.1,12.6,16.6,37.5,4,15.6,11,8.2,26.4,36.3,18.2,10.2,27.1,29.5,13.5,14.8,16.5,12.6,27.7,66.2,29.8,26.6
32.1,7.8,14,5.6,1.6,25.8,23.7,26.1,11.5,32.1,11.7,14.6,16.4,22.6,22.1,20.6,14.1,24,15.9,18.3,7.6,15.3,48.7,9.8,22.4,15.2,25.8,36.1,23.7,26.2,19.9,15.7,14,22.2,16.8,44.7,20.1,25.2,31.3,12.7,10.1,11.1,7.9,12.4,18.6,27.2,31.7,22.6,26.9,20.3,96.8,108.2,109.4,12.2,13,16.9,15.8,5,5,5.6,31.5,31.1,17.1,25.2,51.3,15.4,22.8,40.6,16.4,48.3,13.3,47.1,83.6,50.8,28.4,26.5,8.6,15.1,32.4,22.8,10.7,17.2,25.7,14.5,50.6,26.1,5.2,51,25,23.1,11.9,25.5,18.5,11.3,0,1.5,34.8,15.4,30.1,54.3,18.1,24.7,24.6,12.8,59.1,10.2,4.6,5.6,12,26.5,25,32.8,30.3,7.2,15.1,24.8,25.6,26.8,18.5,39.9,4.7,44.5,10.2,23.8,26.3,27.6,22.7
16.3,28.9,14.4,7,3.6,1.2,13.7,13.4,40.6,23.6,31.2,23.3,24.9,23.5,23,14,11,17.4,15.3,17.8,20,25.1,67.1,14.5,3.3,21.6,25.9,33.6,15.1,1.3,19.7,18.6,15.5,3.9,4.3,17.2,18.7,4.4,32.2,29.9,27,33.6,32.1,19.3,23.4,29.5,40.9,30.9,34.3,37.9,75.8,87.3,88.5,31.7,14.7,22.2,24.3,22.9,22.9,21.4,4,12.6,18.3,11,27.3,9.1,5.9,45.5,12.2,68.9,11.9,49.8,51.9,60.2,13.3,15.1,28.5,19.3,13.2,37.5,29.2,21.6,14.2,34.2,27.4,13,34.1,58.7,10.8,16.6,18.6,24.3,13.9,15.6,4.6,0,62.6,15.7,11.5,57.7,20.5,21.7,14.6,16,62.6,13.7,5.6,6.3,31.5,1.6,22,17,11.7,24.3,19.2,10.6,10.9,31.1,14,10.2,5.7,14.3,12.8,25,61.5,28.9,23.9
36.3,54,19.5,30.3,26.6,26.3,25.2,55.7,14.9,25.2,4.6,9.2,11.1,12,8.9,27.8,55.5,29,46.9,7.8,7.1,14,51.2,12.4,21.9,9.4,10.4,28.4,24.6,26.8,23.8,47.6,47.4,26.8,22.2,51.8,22.3,29.8,5.9,5.2,4.2,6.7,14.5,23.1,10.9,18.3,22.8,12.9,20.3,11.4,102,114,115,5.1,17.8,18.2,23.2,5.3,5.3,14.7,36.9,34.8,18.9,62.7,55.1,19.2,27.2,42.6,20.1,42.8,17.1,41.6,72.5,41.9,21.1,19.3,2.7,19.7,34,11,16.7,11.1,27.4,16.1,41.6,27.7,19.5,42.1,62.5,26.7,24.3,9.1,23.1,33.7,26.3,26.7,0,17.1,34,31.6,28.7,54.3,25.9,29.6,28.6,35,22.9,29.2,4.9,27.1,54.5,37,34.2,5.1,24.2,62.3,30.4,31.5,21,39.1,21.2,43.3,25.3,11.7,0.5,14.7,10
22,16.3,7.3,17.2,13.5,13.2,10.7,12.2,25,11.4,18.1,6.6,8.3,7.2,6.7,9.2,12.1,15.5,35.2,7.3,8.5,31.7,62.2,11,9.8,7.2,7.7,28.9,11.9,13.3,10.2,31.9,29.8,15.4,11.2,32.5,10.9,18.7,20.2,11,10.7,20.7,18.4,33.6,8.8,13.9,24,10.5,16.6,17.6,89.1,101.1,103,18.6,14.1,8.4,23.6,10.3,26.6,11.9,21.1,22.6,6.7,21.9,47.9,9,15.5,51.6,7,57.5,6.2,53.2,46.4,43.4,16,19.7,12.2,5.4,26.5,25.6,23,24.5,16.1,23,18.5,16.4,51.2,43.1,21.7,12.5,11.1,7,19.4,21.5,15.3,13.4,15.6,0,20,42.3,14.2,12.3,11,14,23.4,18.5,10.9,17.4,18.4,13.6,12.6,22.7,20.2,11.4,22.2,21.5,17.3,16.8,18.9,22.7,9.1,25,8.8,8.3,16,11.7,7.2
2.2,10.3,14.1,13.4,9.7,11.4,10.3,13.5,43.2,33.7,36.9,25.5,14.7,26.1,26.1,9.1,0.08,9.4,13.4,26.7,27.8,50.6,75,24.5,13.6,26.1,24.6,47.7,8.3,11.3,11,7.6,28.6,9.5,13.4,17.6,13,9.4,39.5,28.3,31.4,41.2,53,39.3,32,38.7,19.7,45.4,34.5,36.5,78.5,90.3,91.6,37.4,24.6,21.3,39,33.7,37,29.2,1.3,5.1,13.4,16.8,28.4,13.7,7.3,76,33.7,73,17.9,72.6,77.3,62.1,19.3,22.8,31.1,53.7,1.9,44.2,42.3,10.1,4.4,43.3,51.5,3.6,13.7,60.7,16.6,7.1,12.5,26.1,32,8.1,31.4,12.8,33.5,21.1,0,60.9,12.2,19.3,10.5,6.1,49.2,1.5,10.7,13.3,37.2,11.6,19.7,3.1,0.2,28.2,35,25.7,5.6,17.7,31.3,19.1,13.4,22.7,10.9,25.5,33.5,31.3,26.1
63.4,35.4,46.1,57.4,53.7,53.3,50.1,52.5,31.8,29.2,25.4,35.5,33.3,36.1,35.6,49.2,45.2,51.6,51.6,51.6,51.6,51.6,51.6,51.6,51.6,51.6,32.8,51.6,51.6,53.8,43.1,64.2,65.8,47.5,42.9,68.6,41.2,50.5,23.7,25,33,21,28.2,34.7,28.7,26.9,37.8,26.7,28.9,16.6,127,139,140,25.9,38.2,36,33.7,26.7,42.4,37.1,53.7,55.4,39.3,58.1,73.5,39.6,48.5,41.3,40.8,42.3,37.5,38,57.9,21.1,4.3,36.6,31.5,36.6,54.6,12.4,31.9,13.1,48,23.8,29.6,48.3,25.3,28.8,57.9,46.4,43.8,28.5,43.8,54.1,47,49.2,23.6,34.7,61.4,0,48.4,49.7,50.4,52.1,30.3,38.8,43.8,54.5,25.7,54.1,50.1,64.1,61.6,26,45.3,57.7,52.9,49.1,41.9,67.4,42.1,68.5,45.7,30.1,30.3,32.3,32.3
13.9,9,8.6,24.5,17.7,18.5,8.2,2.4,34.9,25.4,28.6,16.9,18.6,15.2,15.5,6.8,24.1,42.8,42.8,42.8,42.8,42.8,42.8,42.8,42.8,42.8,17.3,42.8,42.8,18.5,2.8,22.4,22.4,16.1,20.5,26.9,5.5,21.2,32.3,28.7,20.5,37.5,33.8,17.4,17.8,21.1,38.9,19.8,19.7,34.8,84.3,96.2,97.4,29.1,27.2,10.3,40.1,24.6,24.6,26.1,11.9,13.6,6.9,32,47.5,15.2,17.4,62.8,11.5,67.8,15.2,66.7,42.8,56.9,35.6,10.6,22,10.7,12.8,39.5,37.4,45.1,8.3,37.4,4.6,8.6,21.2,57.1,31.8,7.5,7.2,20.9,32.5,18.1,18.3,19.7,24.5,12.5,11.9,52.3,0,4,8,6.4,33.3,13.6,14.2,23.1,28.9,18.8,4.4,14.6,12.1,21.8,30.9,31.6,12.9,6.2,28.7,25.4,16.5,27.4,9.8,14.3,24.6,14.2,17.5
15,11.8,9,22.4,16.6,18.4,8.3,1.8,32.8,23.2,25.8,15,11.7,12.3,11.9,8.3,8.3,7.1,24.9,8.7,16.5,33.2,64.5,20.6,18.7,12.3,13.2,37.3,8.4,18.3,2.2,17.4,25.7,16.5,18,7.9,0.45,20,30.9,17.9,17.5,29.3,42.5,28.3,20.5,16.9,22.8,34.9,15.6,26,100,98,99.6,30.1,23.8,7.9,35.3,20.8,33.3,27.3,12.8,16.6,9.2,31.6,38.3,16.5,16.7,65.5,12.1,64.4,14.2,62.1,66.8,52.4,26.6,12.9,15.3,42.1,6,33.5,29.4,62.1,12.6,32.8,41,13.5,22.2,50.2,31.4,8.2,8.2,11.9,28.3,14.2,24.2,19.2,55.3,10.4,18.6,50.4,3.4,0,8.1,12.9,38.7,8.4,14.3,22.3,34.5,18.6,0.3,15.2,18.7,17.5,38.7,31.2,15.5,4.7,28.6,25.5,17.9,28.3,9.9,15,27.3,11.1,11.9
13.7,4.1,43.4,14.6,9.1,18.7,0.012,0.13,33.5,27.7,25.9,16,18,18.1,18.4,7.3,3.1,9.1,23.9,16,18.9,32,65.9,15,12.5,16.8,17,38.8,4,10.9,6.1,10.3,25,12.8,9.1,27.3,6.7,13.6,27.5,38.3,18.1,28,42.1,29.1,22.1,22.9,27.8,36.8,20.9,28.1,96,91.3,93.9,30.8,16.8,12.6,28.5,21.4,27.1,21.9,10.6,13,6.8,23.6,31.8,10.1,9.6,53.5,5.5,50.8,10,63.9,67.7,52.9,22.6,14,17.9,33.1,11.2,34.2,32.9,5.1,10.9,33.9,42.4,11.2,15.7,51.8,23.4,5.2,11.9,17.8,22.7,7.7,28.1,14.6,25.7,9,11,51.9,7.1,1.7,0,11,41.2,9.1,7.7,16,28.1,11.2,8.9,13.9,11.9,19.9,24.3,23.2,13.2,13,21.4,19.6,11.8,23.6,4.6,16.6,22,17.5,16.9
8.4,31.7,8.5,17.1,13.5,14.5,4.8,7.6,43.5,19.6,28.5,17.4,14.8,6.1,17.3,5.8,20.8,3.4,21.6,14.6,21,21,70.3,19.6,11.9,19.8,16.4,33.2,1.9,14.3,6.4,16.6,22.8,10.5,12.6,21.1,9.3,19.9,32.3,29.9,21.2,38.6,35,41,23.8,29.7,17.8,7.7,32,36,81.5,91.1,92.5,29,21.2,13.8,35.3,25.7,33.3,23.4,6.1,7.8,34.9,26.5,32.1,10.5,10.5,58,9.7,69,13.5,67.8,71.4,58,10.9,13.8,22.7,13.8,7,40.7,38.6,9.1,2.6,38.5,43.6,2.9,69.7,58.2,26.3,2.3,6.1,18.5,27.7,69,12.8,15.3,24.8,12.8,6.4,52.6,6,14.2,5,0,57.5,8,10.6,17,28.8,14.6,13.6,9.1,6.6,22.1,29.3,24.8,7.2,12.3,27.1,22.4,13,25.4,5.6,19,24.9,21,17.8
60.7,29.3,25.8,24.1,30.2,39.9,36.7,39.1,5.1,16,7,9.2,13.6,9,8.3,36.5,20.7,34,34,17.4,9.5,12.6,42.4,15.4,24.9,12.5,10.6,20.7,27.4,40.4,55.4,76.3,22.4,59.6,57.6,83.5,56,65.3,26,4.9,19.4,12,19.6,28,8.4,10.6,44.5,34.5,13.2,5.6,127,135,136,7.5,21.8,14.7,30,9.6,9.6,19.5,49.2,51,17.9,44.7,69.1,30.7,44,32.3,31.5,30.6,33.4,29.7,72.6,54.5,14.5,32.1,17.9,32.1,66.7,28.7,21.2,4.8,62.8,19.6,44.7,63.1,13,69.2,44.5,58.4,55.8,43.4,30.9,11.9,61.9,57.9,28.2,48.9,48,39.5,62.6,36.3,36.5,63.5,0,70.3,58,68.8,7.3,40.7,35.5,61.4,48.2,35.1,20.2,44.3,61.4,60.8,30.9,40,56.3,43.4,10.2,44.4,2.2,46.5,43.2
5.5,6.7,17.3,13.4,11.5,11.6,7.4,10.9,38.2,40,38.2,26.2,24.1,27,26.5,8.8,24.9,9.8,9.8,22.2,30,45.4,76.6,25.1,13.3,28.7,25.9,38.7,7.5,11.2,11.4,11,26,9.1,13.1,15.5,14.8,8.7,42.7,16.7,29.5,44.9,44.9,41,30,36,39.9,26.2,29,41.5,78.7,88.3,89.5,38.7,25.8,19.3,37.3,31.3,31.3,31.5,2.6,2.2,10.6,29.4,26.5,14.5,9.1,65.4,15.3,75.3,19,74.1,30.1,64.3,31.1,22.6,31,22.6,0.5,46.3,42.7,59.9,5.7,42.7,29.8,4.5,9.2,63.8,29.2,7.8,11.6,27.5,33.3,12.6,10.4,13.6,21.2,19.1,1,47.4,13.4,9.4,7.7,21,52.3,0,29.5,38.6,38.5,11.5,9,6.2,1.2,24.4,37.6,29,5.9,8.5,43.3,20.1,31.8,17.3,12.8,12.5,23.9,8.1,13.1
12.8,6.7,7.6,9.9,5,5,7.3,15.6,33.4,29.3,28.3,18.3,16.5,19.5,19,9.7,13,27.3,27.3,16.9,22.3,22.8,64.7,12.2,2.2,24.2,17.2,30.4,11.8,4.2,12.7,19.8,19.8,3.4,2.2,22.2,14.7,8.5,28.4,26,23.9,29.7,28.3,28,25.5,30.7,27.8,39.7,29,32.1,78.3,87.8,89.9,28.8,15,15.5,27.8,19,19,16,11.4,10,20.6,18.3,35.6,5,3.8,50.5,6,63.5,10,62.3,78.9,59,20,14,22.4,14,12.6,35.2,28.7,10.3,10.2,31.8,50.1,12.3,0.55,59.2,18.1,9.7,10.1,20.4,20.3,16.6,4.2,6.8,23.5,11.9,10.5,51.5,15.3,15.6,7.9,10.9,56.3,12.6,0,9,28.6,4.5,15,13.5,10.7,20.6,26.2,17.9,8,23.5,18.5,14,2.3,11.2,25.3,19.6,23.5,19.9,20.8
16.4,25.3,17.5,0.28,4,4.9,0.8,25.7,44.8,36.3,39.7,33.2,36.4,33.9,33.3,17.4,15.5,24.6,26.1,21.8,28.4,30.5,75.5,18.5,7.4,16.6,34.3,37.6,17.7,4.6,22.5,14.1,42.8,18.5,25.1,18,26,15.4,39.5,34.3,34.1,36.1,34.6,34.4,34.5,40.5,49.7,16.7,36.8,42.9,70.3,82.3,83.5,40.2,17.9,24.7,26.4,25.4,25.4,22.3,14,10.5,15.8,11.7,22.7,11.4,6.8,50.2,14.5,74.2,16.4,73,67.1,68.8,15.7,21.5,32.6,12.5,13.4,41.5,31.1,7.2,20.5,38.2,39.2,17.4,23,69,11.5,19.2,22.8,32.8,18.1,30.9,5.6,5.1,43,19.5,13.7,58.4,25.2,25.6,15.9,17.3,67.3,11.8,9.5,0,40,4.9,25.2,17.1,13.9,27.2,22,11.3,10.9,34.4,17.4,5.7,8.9,8.1,8.8,35,30.4,37.1,33.9
41,27.7,23.4,4.9,32.5,65.3,26.2,26.8,10.9,10,0.3,12.3,14.2,14.4,14.4,30.2,28.4,31.4,51.5,14.5,12,9.5,40.9,16.9,26.3,14.8,15.5,33.4,27.4,27.8,27.6,33.9,51.6,31,25.6,54.5,29.9,30.2,2.4,8.3,9.8,6.3,11.8,7.8,18.1,26.6,29.4,31.1,23.7,16.3,107,119,120.5,0.2,24.2,19.8,18.7,11.4,21.6,15.6,38.6,37.4,24.1,34.1,59.4,27.6,32.5,41.9,25.6,38.9,22.5,38.5,77.8,47.8,31,16.8,7.2,12.5,32.9,7.6,12,28.3,37.2,11.8,17.3,38.1,33.6,46.4,33.9,31.5,26.1,14.4,21.8,47.2,10.1,31.2,5.2,18.6,26.7,31,31.8,32.5,26.5,32.7,8.1,37.5,27.9,33.7,0,30.1,22.6,41.7,26.9,9.4,20,34.4,36.7,30.4,21.6,43.5,25.6,46.1,29.4,13.8,5.2,18.6,14.3
13.3,9,12.7,4.1,1.7,0.7,11.4,19.8,35.6,26.3,30.5,21.4,24.6,22.3,22.3,15.5,14.1,17.5,13.8,20.2,19.3,43.6,68,18.7,3.6,22.3,22.2,43.9,16.4,0.3,17.6,4.9,16.5,1.9,4.4,18.3,19.5,3.9,32.1,24.4,25.3,33.9,46,32,28.1,30.6,36.2,41.6,29.9,32.7,72.6,84.5,86.1,27.6,13.9,19.4,27.2,26.4,25.2,22.3,10.9,7.4,14.5,13.2,26.5,3.4,4.1,50.2,10.3,66.1,11.7,54.1,70.3,58.3,18,21.2,23.8,46.7,11.1,37.2,29.7,11.4,12.6,35.9,44.5,7.7,4.5,56.9,13,12,33.1,22.3,18.2,4.6,25.1,2.1,27.1,14,11.3,53.9,19.7,20,11.8,14.2,42.2,11,4,4.7,58.8,0,20.4,14,11.5,23.7,23.3,12.8,7.6,27.5,17.5,9.8,0.7,14.3,11.3,21.7,27.1,25.3,21.8
15.3,12.1,10,22.7,17,18.8,8.6,1.3,33.1,23.5,26.5,16,12,12.5,12.2,8.7,8.5,7.9,25.2,9,16.8,33.5,65,21,19,12.6,14.6,37.7,8.8,18.6,2.5,18,26.1,16.8,18.3,8.2,0.8,20.4,31.2,18.2,17.8,30.1,43,28.7,20.8,17.3,23.2,35.3,15.9,26.3,101,98.5,100,30.4,24.1,8.2,35.6,21.1,33.6,27.6,13.1,16.9,6,32,39.1,17,17,65.8,12.4,64.7,14.5,62.4,67.1,52.7,26.9,13.3,15.8,42.4,6.3,34,29.7,62.4,12.9,33,41.3,13.8,22.5,50.5,31.9,8.5,8.5,12.2,28.5,15.7,24.5,19.3,55.6,10.7,18.9,50.7,3.7,0.3,8,13.2,39,8.7,14.6,22.6,34.8,18.9,0,15.5,19,17.8,39,31.7,15.8,5,28.9,25.8,18.5,28.8,10.5,15.5,27.9,11.4,12.3
0.5,14.4,18.1,16,15.5,11.7,14.9,16.9,47.4,37.1,44.5,28.4,24.4,31.2,30.1,15,2.8,10.3,16.1,26.3,33.1,37.3,79.7,28.2,21.6,30.4,23.4,51.3,4,15.3,14.9,9.9,16.9,12.6,20.9,20.2,18.5,12.1,47.7,37.3,32,52.9,56.6,46.5,35,43,46.7,46,35.2,41.9,81.9,91.3,93,45,29,25,42.9,35.2,40.9,35,2.9,7.8,21.3,31.6,35.4,16.4,11.5,80.6,17.2,79.5,21.4,77.2,81.9,69.3,33.3,29,31.3,37.3,4,47.9,46.9,13,7,49.1,56.1,6.3,16,65.3,31.4,10.5,16.1,31.1,42.5,11,39.3,18.3,37.3,21.6,2.8,65.5,15.8,17.5,14.5,10,41.5,5.4,14,16.8,39.5,15.6,17.3,0,3,31.7,40,31.2,8.5,19.4,41,21.1,16.5,24.2,15.8,30,38.6,32.4,30.1
2.4,10.5,14.3,13.6,9.9,11.6,12,19.5,43.4,33.9,32.5,25.7,14.9,26.3,26.3,9.3,0.1,9.6,13.6,26.9,28,50.8,75.2,24.7,13.8,26.3,24.7,47.9,8.5,11.5,11.2,7.8,28.8,9.7,13.6,17.8,13.2,9.6,39.7,28.5,31.6,41.4,53.2,39.5,32.2,38.9,42.7,45.6,34.7,36.7,78.7,87.3,89.2,33,24.8,21.5,39.2,33.9,37.2,29.4,1.5,5.3,13.6,16.9,28.6,13.9,7.5,76.2,33.9,73.2,18.1,72.8,77.5,62.3,19.5,23,25.4,53.9,2.1,44.4,42.5,10.3,4.6,43.5,51.7,3.8,13.9,60.9,16.5,7.3,12.7,26.3,32.2,8.3,31.6,13,33.7,21.3,0.2,61.1,12.4,19.4,12.6,6.3,49.4,1.7,10.9,13.5,65.9,11.8,19.7,13.9,0,28.4,35.2,16.3,5.8,17.9,31.5,9.9,13.6,13.6,11.1,25.7,33.7,31.5,26.3
32.3,8.4,14.4,27.1,24,23.8,18.7,22.3,15.3,4.9,10.7,6.9,8.8,10.1,9.5,20.3,15,28.7,28.7,11,6,6.6,48.6,11.1,20.6,9.6,7.6,19.9,19.9,23.7,18.1,39.6,39.3,24.6,20.1,43.7,17.9,27.6,10.8,8.3,4.9,10.4,11.9,11.9,11.9,21.3,25.8,16.7,21.8,14.4,96.5,106.8,108.1,11.2,15,12.9,20.6,2.6,2.6,11.9,30.5,32,24.9,28.6,50.3,16.4,23.6,41.6,17.2,45.7,14,44.3,49.3,44.9,12,13.4,3.4,13.8,31.4,14.5,15.5,21.7,24.8,15.5,21.5,25.1,26.9,45.1,28.4,23.2,20.6,10.1,20.3,30.9,30.9,26.3,7.5,13.7,30.3,37.7,28.2,20.2,19,29.1,30.1,33.4,22.4,33.1,11,24,20.5,33,30.5,0,19.7,28.2,32.6,33.9,20.5,37.4,20.7,40.7,45.7,15.4,31.5,19.2,14.2
39.7,54,22.2,23.1,22.9,22.2,28,33.5,11.9,15.1,20.5,29.5,33.1,31.5,29.8,24,55.5,9.2,9.2,19.6,17.4,16.3,42.6,12,20.2,31.2,30.4,41.4,30.4,22.7,29.2,33,32.8,32.8,20.3,34.4,31.2,26.5,22.8,27.5,26,27.5,9.7,9.7,34.1,40.5,45,35.9,42.3,33.6,93.5,104.3,105.6,21,9.8,29.8,4.4,20.2,20.2,9.8,35.9,33.2,33.5,17,40.2,20,25,27.1,20.9,34.5,17.9,31.3,35.9,63.7,27,26.6,24.5,26.6,36.8,26.1,8.5,26.1,31.2,12.3,30.2,31.5,22.3,64.3,16.8,27.6,27.9,33.99,4.5,4.5,36.3,18.9,24,22.4,37.6,49.9,35.9,32.7,28.4,30.9,27.4,35.5,23.5,24.1,20.8,23,33,40.4,37.8,23.4,0,16.6,27.6,34.4,3.9,27.4,18.3,30.9,9.8,30.2,28.8,34,28.8
31.8,17.8,22.8,11.4,16.6,12.4,24.7,31.2,28.3,24.4,34.3,35.2,31.8,34.2,35.8,22.9,25.8,31.9,18.5,25.9,22.7,47.1,71.4,15.1,14.7,34.2,36.9,54.8,28.3,15.5,28.4,17.7,9.7,16.6,14.8,20.6,29.4,16.7,35.5,28.3,28.7,37.3,31.7,30.3,46.5,48,51.1,52.5,46.6,37.9,74.1,86.2,88.1,35.2,29.8,27.8,22.3,28.4,17.3,16.6,26.2,21.1,25.2,0.2,28.5,14.8,13.5,39.4,20.1,69.5,15.8,40.7,73.7,69.2,9.9,28.6,27.2,33.7,26.7,40.6,24.4,20.4,27.8,28.7,47.9,21.9,11,67.7,0.2,21.2,23.6,35.8,12.4,16.2,25.2,11.1,62.2,27.3,14.3,57.4,30.3,30.1,25.5,27.5,33.5,27.9,17.1,11.4,34.6,15.8,30.9,32.1,14.2,25.1,15.8,0,22.5,33.9,10.7,9.9,12.4,13.5,20.1,29.8,30.5,35.7,30.5
7.7,7.5,12.9,8.8,5.2,7.1,9.3,16,43.7,31.1,37.2,24.1,26.1,27.7,27.6,6,5.7,12.1,14,24.9,24,48.3,72.7,23.1,9.7,26.6,25.4,48.2,4.1,6.8,13.5,2.4,15.2,5.7,9.5,18.2,19,4.9,39.9,28.7,29.9,41.6,50.7,36.7,32.4,35,44.7,45.9,37,36.9,80.7,92.3,93.4,37.7,20.4,23.2,34.9,31.1,32.5,27,5.3,0.7,15.1,20.7,29.1,13.1,3.4,73.7,12,74.4,16.1,70.3,75,62.6,24.2,24.5,28.4,51.4,4.5,41.9,39.7,8.7,6.9,43.7,52,1.7,9.2,61.2,20.5,8.5,10.7,26.6,25.1,4.5,27,8.6,34,18.5,5.6,62.1,14.7,16,9.5,8.2,46.9,4.5,7.5,8.8,37.5,7.1,16.4,8.4,5.8,26.7,30.9,20.3,0,20.5,24.4,14,9.5,17.2,9.6,25.9,41,31.8,26.6
18.2,15.3,12.1,27.8,20.2,21.9,12.5,3.9,48,34.4,28.3,12.8,13.9,12.1,12.1,18.1,16.2,8.7,33,18.6,19.9,45.8,70.1,31.5,20.1,12.1,14.6,37.6,20.4,22.4,5.9,20.4,34.1,20.4,19.9,37.2,4.5,28.6,29.4,25.6,17.7,28.1,42.7,43.1,16.9,27.1,31.1,40.7,15.6,33,87.7,99.5,101,28.8,37.1,8.9,41.5,24,44.1,36.3,20.9,24.8,10.3,37,60.8,20.2,17.4,71.6,15.9,68.2,17.3,67.8,72.4,57.4,20.4,12,19.2,48.9,16.3,32.4,47,12.6,16,47.5,46.7,38.4,27.7,56,36.8,11.6,11.1,12.1,39.1,18.9,33.6,23.4,12.2,14,19.8,56.1,6.3,4.4,12.9,13.7,44.4,11.6,18.6,27.8,28.6,22.7,5,18.9,20,18.2,37.5,36.6,23.6,0,38.4,29.1,19.9,32.3,13.4,12.1,22,12.5,12.2
35.4,19.6,21.1,17.5,17.9,16.9,23.7,29.9,16.7,16,27.3,24.1,22.9,27.2,27.3,18.2,25.3,30.3,28,16.5,15.7,20.9,46.6,10.3,18.6,3,23.6,47.8,26.6,17.4,26.5,20.9,28.4,18,14.7,30.6,27.9,17.2,27.3,20.7,21.7,22.1,20.8,15.8,33.1,37.7,44.1,45.5,39.8,31.1,84.7,96.4,97.3,27.8,4.6,27.4,9,17.6,7.2,6.6,27,23.9,22.7,10.5,38.6,19.3,20.2,31.8,18.4,38.4,14.8,37.5,40.5,62.2,0.3,24.8,20.2,22.8,27.5,30.6,13.1,21.5,37.5,17,37.9,23.8,17.8,60.8,10.3,26,23,27.4,0.7,20.4,13.6,15.9,22.4,19.4,27.7,47.3,32.2,29.5,24,27,21.8,26.5,19.9,17.4,27.6,17.7,29.1,36.1,27.9,19.5,4,10.1,23.9,32.6,0,19.8,17.9,24.2,22.5,26.6,22.4,34.1,27.3
20.7,21.7,23,5.9,10.7,10.1,19,26.1,48.2,36,39.3,33,34.7,34,33.6,25.6,19.4,24.2,11,31.3,31.5,55.9,63.6,30.6,16.4,34,34.7,55.3,21.7,9.7,23.5,11.2,11.2,11.9,15.7,13,27.5,8.6,49,36.1,35,46.2,58.2,44.2,38.5,40,51.8,52.9,42.7,44,83.1,80.9,82.5,43.1,19,31.1,27.5,37.2,27.9,25.1,18.3,14.5,24.8,10.5,21.1,12.1,10.7,48,19.5,56.4,26.2,51.2,56.7,70.4,20,32.6,36.5,57.8,18.6,49.2,45.4,18,19.9,48.2,56.7,15.1,5.5,68.2,10.3,19.8,23.6,33.6,20.2,13,40.3,11.1,38.3,28.4,18.6,66.2,25.3,25.4,19.3,16.6,40.8,18.5,13.4,5.9,43.1,10,25.8,20.7,18.8,35.7,25.9,10.1,13.6,28.7,19.5,0,15.8,2.1,19.7,33.6,39.4,36.4,33.6
16.3,6.1,9.8,8.3,5.1,4.3,12.8,20.5,34.8,24.5,28.7,33.6,31.9,18.5,18.5,14.2,10.9,18.5,18.3,16.3,15.6,35.1,64.2,12.8,0.9,18.5,32.1,40.2,13.1,1.4,15.4,8.5,19.1,4.9,0.1,22.3,16.7,8.2,31.5,33.8,23.1,28.6,35.9,25,24.4,29,36.7,37.8,26.2,28.3,81.8,93.4,95.2,29.2,11.4,16.5,35.9,22.6,22.6,17.5,12.3,13.2,12.2,13,32,1.8,5.9,47.5,7,62.3,8,61.9,64.4,54.6,16.2,17.5,21.6,38.2,12.8,32.7,31.2,8.1,13.8,32.2,40.8,9.1,8.7,53.1,12.8,11.2,9.8,18.5,17.2,6.9,14.6,5.1,22.3,11.2,12.6,50.2,17.1,20.5,13,12.2,33.7,13,3,38.2,29,1.7,20.6,17,12.8,19.3,18.4,12.6,9.4,21.1,16.5,14.1,0,17.2,7.8,17.9,22.3,22.8,18.6
21.2,22.4,23.9,4.2,12,11.2,20.3,27.5,49.5,37.5,40.8,34.5,36.4,35.5,35.1,24.1,20.9,25.7,10,32.8,33,57.4,62.1,29.1,17.9,35.5,35.4,53.8,23.3,11.2,25,12.7,13,10.4,14.2,14.5,29,10.1,50.5,37.6,36.5,47.7,59.7,43.7,37,38.5,50.3,54.4,41.2,45.5,84.6,79,80,41.6,20.5,32.3,28.3,39.3,28.3,27.2,19.9,16,26,12,22.6,13.6,12.2,49.5,21,57.9,24.3,52.7,55,68.9,21,33.9,38.1,59,20,50.7,46.9,19.5,18.4,46.7,58,17,7,69.7,11.8,21.3,22.5,32.1,18.7,15,43.2,12.6,39.8,29.9,16,65,26.8,27.7,20.6,15,42.3,17,14.9,6.4,44.6,11.5,30,22.2,11.7,34.2,24.4,11.6,15.1,27.2,20,1.5,14.3,0,18.2,32.1,40.9,37.9,35.1
13.8,3.1,4.4,15.6,8.4,9.5,1.7,11.4,34.9,20.1,27.5,19.3,20.8,17,17,15.2,3.3,8,21.8,15.6,17.3,37.8,66,14.6,8.2,17,18.4,39.3,5.5,10.4,7.1,15.8,23,8.3,8,7.3,12,11.4,32.9,20.9,21.1,31.3,40.1,29,22.8,25.3,34.1,37,21.8,26.7,78.8,88,89,28,17,12.8,40.1,24.4,27.2,19.4,10.9,11.4,5.5,21.3,32.7,8.3,6,52,3.5,64.1,8.1,63.6,66.2,53.7,20.5,15.6,22.6,40.9,11.5,34.5,33,0.2,9.6,34.8,42.5,8.7,15.2,52.3,21.1,4,2.4,17,22.2,6.8,19,12.9,24,8.8,10.1,51.9,9.1,9.5,2,5,40.2,5.3,6,15.6,27.8,10.7,9.9,14.5,10.3,18.9,22.9,20.9,10.3,12.8,20.3,18.5,8,20.2,0,17.2,24.6,22.1,17
25.2,23.3,11.8,27.7,24.5,22,15.2,13.2,22.4,12.3,12.4,0.05,0.5,2,1.6,20,16,20.6,40.1,9.6,11.8,27.5,51.8,19.1,18.2,0.3,0.93,22.8,17.2,23.9,12.7,25.8,40.1,24.4,17.5,47.1,11.2,23.2,14.4,26.2,5.1,17.2,29.8,19.2,8.8,7.7,16.3,22.2,10.4,10.9,92.2,103,104,12.9,24.5,6.1,30,14.6,33.6,21.3,27,26.9,12.1,34.7,47.7,19.5,23.6,52.9,15,49.9,13.4,49.5,52,38.9,25.8,3.5,6.6,30.2,23.6,20.3,23.2,18.9,32.9,24.1,28.4,23.9,27.4,37.5,34.5,21.2,15.3,1.6,28.6,24.3,15,22.4,9.4,8.6,26.4,37.8,14.5,11.9,15.5,19.8,12.4,16.9,19.6,27.7,12.7,24.2,12.2,25.9,26.6,7.6,29,34.3,24.1,12.2,26.7,35.3,15.6,38.4,16,0,11.1,4.5,0.9
36.8,54.5,20,30.8,27.1,26.8,25.9,56.2,15.4,25.7,5.1,9.7,11.6,12.5,9.4,29.1,60,29.5,47.4,8.3,7.6,14.5,51.7,12.9,22.4,9.9,10.1,28.9,25.1,26.8,24.3,48.1,47.9,27.3,22.7,52.3,22.8,30.3,6.4,5.7,4.7,7.2,15,23.5,11.5,18.8,23.3,13.4,20.8,11.9,102.5,112,113,5.6,18.3,18.7,23.7,5.8,5.8,15.2,37.4,35.3,19.4,63.2,55.6,19.7,27.7,43.1,20.6,43.3,17.6,42.1,73,42,22,20,3,20.4,35,12,17,11.5,28.5,16.6,42.1,28.5,20,42.6,63,27.1,24.8,9.6,23.6,34.2,26.8,27.2,0.5,17.6,34.5,32.1,29.2,54.8,26.4,30.1,29.1,35.5,30.4,29.7,5.4,27.4,55,37.5,34.7,5.6,24.7,62.8,30.9,32,22,40,22,43.8,25.8,12.2,0,14,9.4
32.1,16.8,11.9,36.7,28.1,25.5,18.8,13.5,30.5,16.6,18.3,5.6,7.1,4.6,4.6,23,30.9,22.8,43,15.1,16.3,28.8,53.1,23.2,21.6,4.6,6.2,26,16.2,25.6,13.3,31.2,29.4,28.4,20.9,50.1,12.5,25.5,17.8,10,9.5,19.7,31.1,24.5,7.8,7.5,13,22.7,5.8,14.8,97.5,107,108.5,18.8,26.8,6.1,36.7,19.3,39.6,26.3,30.6,25.4,12.1,39.1,49.8,17.6,27.2,54.7,16.2,51.2,19.7,50.8,53.3,39.4,31,5.8,11,31.9,32.6,22.3,28.5,22.2,29.1,30.5,29.7,30.3,31.4,38,38.9,24.6,16,4.6,31.3,27.7,21.6,29.2,14.7,10.8,29.7,39.1,15,12.2,19,19,18,18.9,24.1,31.7,18.6,25.9,12.4,32.8,29.9,12.8,37.6,38.7,27.4,12.3,33.7,36.9,20.9,38.1,21.2,4.9,15,0,4.6
29.3,15.2,11.3,33.8,24.5,22.7,16,12.6,24.1,11.2,13,3.9,5.2,1.3,1.2,20,26.3,20.5,40,11.3,10.1,26.7,49.2,17.4,19.3,1.2,4.8,22.7,15.6,22.3,12.7,24.9,38.5,24.4,15.5,45.5,11.9,20.1,13.5,7.5,6.9,17.2,29.1,17.3,6.4,8.1,17.3,22.2,11.4,11.4,93.9,105,106,13.5,22.6,5.5,30,12.7,37.6,21.1,26,24.9,10.7,36.7,47.6,15,23.5,52.6,13.4,49.2,16.7,46.9,51.3,37.1,25.7,3.4,8.4,29.8,23.8,18.5,23.2,16.6,25.6,24.1,27.6,25.4,27.4,37.5,36.5,17.9,13.5,1.3,27.4,23.3,16.3,24.1,9,8.4,27.3,37,14.4,11.2,16.3,21.4,13.3,20.9,18.2,27.7,13.3,22.6,11.5,30,27.6,9.4,33.3,36.3,25,12.2,27.9,35.3,17.5,37.7,19.7,1.3,11,4.8,0
